id,default_prob
5,0.5
13,0.5
15,0.5
17,0.5
21,0.5
23,0.5
29,0.5
30,0.5
46,0.5
57,0.5
65,0.5
73,0.5
75,0.5
80,0.5
95,0.5
100,0.5
105,0.5
106,0.5
111,0.5
121,0.5
129,0.5
131,0.5
136,0.5
143,0.5
146,0.5
150,0.5
159,0.5
160,0.5
175,0.5
177,0.5
179,0.5
181,0.5
187,0.5
190,0.5
194,0.5
195,0.5
197,0.5
201,0.5
204,0.5
205,0.5
206,0.5
209,0.5
211,0.5
221,0.5
232,0.5
239,0.5
241,0.5
243,0.5
244,0.5
248,0.5
251,0.5
253,0.5
254,0.5
258,0.5
259,0.5
261,0.5
262,0.5
263,0.5
264,0.5
272,0.5
275,0.5
276,0.5
287,0.5
295,0.5
296,0.5
297,0.5
300,0.5
305,0.5
306,0.5
313,0.5
327,0.5
328,0.5
334,0.5
344,0.5
345,0.5
350,0.5
353,0.5
358,0.5
360,0.5
368,0.5
373,0.5
379,0.5
382,0.5
386,0.5
412,0.5
434,0.5
436,0.5
437,0.5
440,0.5
450,0.5
459,0.5
463,0.5
468,0.5
470,0.5
476,0.5
481,0.5
485,0.5
494,0.5
497,0.5
498,0.5
501,0.5
505,0.5
506,0.5
515,0.5
519,0.5
522,0.5
524,0.5
531,0.5
536,0.5
537,0.5
540,0.5
544,0.5
551,0.5
568,0.5
569,0.5
578,0.5
581,0.5
582,0.5
589,0.5
593,0.5
596,0.5
601,0.5
622,0.5
631,0.5
632,0.5
640,0.5
641,0.5
644,0.5
654,0.5
660,0.5
662,0.5
668,0.5
672,0.5
677,0.5
681,0.5
686,0.5
687,0.5
691,0.5
692,0.5
696,0.5
708,0.5
711,0.5
712,0.5
718,0.5
727,0.5
732,0.5
741,0.5
745,0.5
746,0.5
748,0.5
757,0.5
759,0.5
762,0.5
770,0.5
771,0.5
778,0.5
787,0.5
790,0.5
791,0.5
799,0.5
811,0.5
814,0.5
820,0.5
831,0.5
832,0.5
833,0.5
835,0.5
850,0.5
851,0.5
867,0.5
871,0.5
872,0.5
874,0.5
878,0.5
879,0.5
883,0.5
894,0.5
895,0.5
896,0.5
904,0.5
905,0.5
911,0.5
913,0.5
920,0.5
922,0.5
944,0.5
948,0.5
954,0.5
956,0.5
959,0.5
1003,0.5
1006,0.5
1007,0.5
1008,0.5
1010,0.5
1017,0.5
1018,0.5
1019,0.5
1021,0.5
1022,0.5
1026,0.5
1027,0.5
1033,0.5
1037,0.5
1041,0.5
1052,0.5
1054,0.5
1056,0.5
1065,0.5
1068,0.5
1075,0.5
1077,0.5
1078,0.5
1082,0.5
1087,0.5
1106,0.5
1107,0.5
1113,0.5
1115,0.5
1116,0.5
1117,0.5
1123,0.5
1125,0.5
1126,0.5
1136,0.5
1145,0.5
1151,0.5
1154,0.5
1159,0.5
1161,0.5
1166,0.5
1168,0.5
1175,0.5
1180,0.5
1184,0.5
1205,0.5
1206,0.5
1213,0.5
1220,0.5
1238,0.5
1243,0.5
1245,0.5
1259,0.5
1268,0.5
1278,0.5
1282,0.5
1283,0.5
1287,0.5
1289,0.5
1291,0.5
1295,0.5
1296,0.5
1297,0.5
1304,0.5
1313,0.5
1314,0.5
1316,0.5
1317,0.5
1320,0.5
1322,0.5
1325,0.5
1331,0.5
1334,0.5
1341,0.5
1350,0.5
1372,0.5
1375,0.5
1376,0.5
1378,0.5
1381,0.5
1392,0.5
1402,0.5
1403,0.5
1413,0.5
1414,0.5
1424,0.5
1429,0.5
1432,0.5
1433,0.5
1434,0.5
1435,0.5
1449,0.5
1451,0.5
1454,0.5
1456,0.5
1460,0.5
1463,0.5
1471,0.5
1472,0.5
1474,0.5
1477,0.5
1478,0.5
1479,0.5
1482,0.5
1484,0.5
1489,0.5
1497,0.5
1498,0.5
1502,0.5
1515,0.5
1517,0.5
1519,0.5
1521,0.5
1523,0.5
1532,0.5
1540,0.5
1557,0.5
1561,0.5
1563,0.5
1570,0.5
1578,0.5
1583,0.5
1597,0.5
1598,0.5
1609,0.5
1610,0.5
1619,0.5
1624,0.5
1628,0.5
1646,0.5
1650,0.5
1659,0.5
1663,0.5
1666,0.5
1677,0.5
1680,0.5
1685,0.5
1686,0.5
1691,0.5
1694,0.5
1695,0.5
1700,0.5
1704,0.5
1715,0.5
1716,0.5
1717,0.5
1726,0.5
1734,0.5
1741,0.5
1742,0.5
1753,0.5
1755,0.5
1763,0.5
1765,0.5
1767,0.5
1771,0.5
1782,0.5
1784,0.5
1786,0.5
1787,0.5
1788,0.5
1796,0.5
1810,0.5
1813,0.5
1820,0.5
1830,0.5
1835,0.5
1837,0.5
1842,0.5
1845,0.5
1849,0.5
1854,0.5
1865,0.5
1869,0.5
1872,0.5
1888,0.5
1906,0.5
1912,0.5
1922,0.5
1926,0.5
1927,0.5
1935,0.5
1939,0.5
1957,0.5
1958,0.5
1961,0.5
1962,0.5
1967,0.5
1970,0.5
1974,0.5
1976,0.5
1986,0.5
1991,0.5
1995,0.5
2002,0.5
2004,0.5
2009,0.5
2011,0.5
2017,0.5
2028,0.5
2038,0.5
2047,0.5
2053,0.5
2059,0.5
2064,0.5
2079,0.5
2081,0.5
2090,0.5
2095,0.5
2099,0.5
2104,0.5
2106,0.5
2107,0.5
2108,0.5
2113,0.5
2117,0.5
2118,0.5
2119,0.5
2127,0.5
2128,0.5
2129,0.5
2133,0.5
2134,0.5
2145,0.5
2146,0.5
2152,0.5
2159,0.5
2163,0.5
2166,0.5
2167,0.5
2170,0.5
2173,0.5
2184,0.5
2189,0.5
2195,0.5
2198,0.5
2218,0.5
2222,0.5
2229,0.5
2230,0.5
2231,0.5
2240,0.5
2250,0.5
2253,0.5
2257,0.5
2258,0.5
2260,0.5
2263,0.5
2265,0.5
2266,0.5
2275,0.5
2278,0.5
2284,0.5
2285,0.5
2299,0.5
2305,0.5
2311,0.5
2322,0.5
2325,0.5
2328,0.5
2330,0.5
2331,0.5
2333,0.5
2336,0.5
2341,0.5
2343,0.5
2362,0.5
2364,0.5
2370,0.5
2374,0.5
2378,0.5
2379,0.5
2381,0.5
2387,0.5
2391,0.5
2398,0.5
2403,0.5
2406,0.5
2431,0.5
2434,0.5
2435,0.5
2436,0.5
2442,0.5
2445,0.5
2446,0.5
2447,0.5
2455,0.5
2456,0.5
2460,0.5
2463,0.5
2466,0.5
2470,0.5
2475,0.5
2476,0.5
2477,0.5
2478,0.5
2482,0.5
2485,0.5
2496,0.5
2499,0.5
2509,0.5
2511,0.5
2522,0.5
2523,0.5
2524,0.5
2529,0.5
2537,0.5
2544,0.5
2546,0.5
2548,0.5
2550,0.5
2552,0.5
2553,0.5
2554,0.5
2556,0.5
2561,0.5
2569,0.5
2575,0.5
2578,0.5
2580,0.5
2581,0.5
2586,0.5
2600,0.5
2601,0.5
2605,0.5
2607,0.5
2611,0.5
2614,0.5
2616,0.5
2617,0.5
2626,0.5
2628,0.5
2631,0.5
2635,0.5
2636,0.5
2637,0.5
2638,0.5
2654,0.5
2658,0.5
2660,0.5
2665,0.5
2671,0.5
2676,0.5
2678,0.5
2680,0.5
2692,0.5
2693,0.5
2694,0.5
2698,0.5
2699,0.5
2703,0.5
2707,0.5
2709,0.5
2714,0.5
2715,0.5
2718,0.5
2723,0.5
2726,0.5
2730,0.5
2736,0.5
2741,0.5
2746,0.5
2750,0.5
2753,0.5
2756,0.5
2760,0.5
2769,0.5
2777,0.5
2778,0.5
2779,0.5
2782,0.5
2792,0.5
2793,0.5
2804,0.5
2807,0.5
2817,0.5
2820,0.5
2823,0.5
2824,0.5
2826,0.5
2827,0.5
2830,0.5
2832,0.5
2833,0.5
2837,0.5
2838,0.5
2851,0.5
2856,0.5
2858,0.5
2865,0.5
2872,0.5
2878,0.5
2886,0.5
2889,0.5
2892,0.5
2908,0.5
2912,0.5
2929,0.5
2930,0.5
2935,0.5
2938,0.5
2943,0.5
2947,0.5
2950,0.5
2959,0.5
2961,0.5
2964,0.5
2965,0.5
2966,0.5
2988,0.5
2996,0.5
3000,0.5
3001,0.5
3010,0.5
3017,0.5
3020,0.5
3022,0.5
3028,0.5
3029,0.5
3032,0.5
3048,0.5
3054,0.5
3055,0.5
3062,0.5
3063,0.5
3066,0.5
3073,0.5
3075,0.5
3076,0.5
3077,0.5
3085,0.5
3087,0.5
3094,0.5
3097,0.5
3111,0.5
3126,0.5
3128,0.5
3131,0.5
3133,0.5
3134,0.5
3135,0.5
3138,0.5
3141,0.5
3145,0.5
3146,0.5
3147,0.5
3153,0.5
3162,0.5
3166,0.5
3176,0.5
3183,0.5
3185,0.5
3186,0.5
3192,0.5
3193,0.5
3196,0.5
3202,0.5
3204,0.5
3206,0.5
3215,0.5
3216,0.5
3217,0.5
3220,0.5
3228,0.5
3249,0.5
3254,0.5
3262,0.5
3268,0.5
3272,0.5
3286,0.5
3291,0.5
3296,0.5
3304,0.5
3310,0.5
3315,0.5
3320,0.5
3329,0.5
3331,0.5
3340,0.5
3341,0.5
3342,0.5
3345,0.5
3348,0.5
3351,0.5
3352,0.5
3360,0.5
3364,0.5
3366,0.5
3371,0.5
3393,0.5
3398,0.5
3405,0.5
3406,0.5
3415,0.5
3423,0.5
3425,0.5
3428,0.5
3436,0.5
3438,0.5
3439,0.5
3445,0.5
3446,0.5
3454,0.5
3471,0.5
3473,0.5
3478,0.5
3488,0.5
3492,0.5
3498,0.5
3500,0.5
3501,0.5
3523,0.5
3528,0.5
3530,0.5
3532,0.5
3534,0.5
3536,0.5
3544,0.5
3545,0.5
3549,0.5
3551,0.5
3553,0.5
3560,0.5
3565,0.5
3572,0.5
3574,0.5
3582,0.5
3594,0.5
3597,0.5
3599,0.5
3605,0.5
3610,0.5
3613,0.5
3619,0.5
3632,0.5
3638,0.5
3639,0.5
3642,0.5
3650,0.5
3652,0.5
3658,0.5
3664,0.5
3667,0.5
3669,0.5
3679,0.5
3683,0.5
3686,0.5
3690,0.5
3695,0.5
3707,0.5
3716,0.5
3721,0.5
3723,0.5
3743,0.5
3744,0.5
3746,0.5
3749,0.5
3753,0.5
3771,0.5
3773,0.5
3786,0.5
3792,0.5
3796,0.5
3807,0.5
3808,0.5
3810,0.5
3815,0.5
3817,0.5
3819,0.5
3821,0.5
3824,0.5
3835,0.5
3837,0.5
3843,0.5
3852,0.5
3859,0.5
3864,0.5
3866,0.5
3870,0.5
3871,0.5
3872,0.5
3877,0.5
3887,0.5
3894,0.5
3898,0.5
3911,0.5
3912,0.5
3925,0.5
3926,0.5
3930,0.5
3940,0.5
3942,0.5
3946,0.5
3947,0.5
3952,0.5
3958,0.5
3959,0.5
3968,0.5
3971,0.5
3975,0.5
3983,0.5
3996,0.5
3997,0.5
4004,0.5
4007,0.5
4027,0.5
4040,0.5
4043,0.5
4048,0.5
4060,0.5
4063,0.5
4064,0.5
4072,0.5
4079,0.5
4080,0.5
4085,0.5
4087,0.5
4093,0.5
4095,0.5
4102,0.5
4103,0.5
4106,0.5
4109,0.5
4115,0.5
4136,0.5
4140,0.5
4144,0.5
4152,0.5
4154,0.5
4157,0.5
4162,0.5
4172,0.5
4175,0.5
4177,0.5
4185,0.5
4187,0.5
4191,0.5
4194,0.5
4195,0.5
4203,0.5
4205,0.5
4206,0.5
4214,0.5
4215,0.5
4216,0.5
4218,0.5
4225,0.5
4231,0.5
4232,0.5
4245,0.5
4246,0.5
4249,0.5
4257,0.5
4258,0.5
4262,0.5
4263,0.5
4271,0.5
4273,0.5
4279,0.5
4282,0.5
4287,0.5
4292,0.5
4294,0.5
4312,0.5
4313,0.5
4319,0.5
4328,0.5
4330,0.5
4335,0.5
4336,0.5
4339,0.5
4344,0.5
4349,0.5
4350,0.5
4356,0.5
4360,0.5
4362,0.5
4367,0.5
4368,0.5
4369,0.5
4370,0.5
4388,0.5
4399,0.5
4402,0.5
4403,0.5
4407,0.5
4409,0.5
4417,0.5
4423,0.5
4428,0.5
4433,0.5
4440,0.5
4443,0.5
4444,0.5
4446,0.5
4449,0.5
4463,0.5
4467,0.5
4470,0.5
4476,0.5
4493,0.5
4494,0.5
4495,0.5
4507,0.5
4508,0.5
4514,0.5
4544,0.5
4550,0.5
4553,0.5
4570,0.5
4572,0.5
4573,0.5
4576,0.5
4580,0.5
4581,0.5
4585,0.5
4589,0.5
4590,0.5
4592,0.5
4611,0.5
4615,0.5
4626,0.5
4629,0.5
4634,0.5
4643,0.5
4644,0.5
4647,0.5
4658,0.5
4663,0.5
4664,0.5
4673,0.5
4678,0.5
4679,0.5
4680,0.5
4688,0.5
4690,0.5
4692,0.5
4693,0.5
4694,0.5
4696,0.5
4700,0.5
4706,0.5
4717,0.5
4718,0.5
4719,0.5
4723,0.5
4730,0.5
4732,0.5
4734,0.5
4740,0.5
4744,0.5
4755,0.5
4760,0.5
4763,0.5
4772,0.5
4778,0.5
4779,0.5
4782,0.5
4785,0.5
4789,0.5
4790,0.5
4795,0.5
4796,0.5
4797,0.5
4801,0.5
4802,0.5
4807,0.5
4810,0.5
4813,0.5
4814,0.5
4816,0.5
4817,0.5
4825,0.5
4828,0.5
4832,0.5
4834,0.5
4839,0.5
4840,0.5
4844,0.5
4848,0.5
4861,0.5
4875,0.5
4893,0.5
4899,0.5
4901,0.5
4906,0.5
4907,0.5
4909,0.5
4910,0.5
4911,0.5
4913,0.5
4915,0.5
4918,0.5
4929,0.5
4930,0.5
4933,0.5
4935,0.5
4937,0.5
4947,0.5
4957,0.5
4958,0.5
4962,0.5
4974,0.5
4975,0.5
4978,0.5
4980,0.5
4995,0.5
5009,0.5
5019,0.5
5020,0.5
5026,0.5
5032,0.5
5034,0.5
5044,0.5
5051,0.5
5053,0.5
5065,0.5
5076,0.5
5082,0.5
5085,0.5
5088,0.5
5098,0.5
5109,0.5
5114,0.5
5127,0.5
5130,0.5
5134,0.5
5147,0.5
5149,0.5
5159,0.5
5164,0.5
5167,0.5
5168,0.5
5170,0.5
5171,0.5
5177,0.5
5179,0.5
5188,0.5
5214,0.5
5226,0.5
5228,0.5
5229,0.5
5241,0.5
5243,0.5
5244,0.5
5247,0.5
5248,0.5
5254,0.5
5256,0.5
5261,0.5
5272,0.5
5277,0.5
5279,0.5
5280,0.5
5288,0.5
5289,0.5
5294,0.5
5297,0.5
5299,0.5
5314,0.5
5317,0.5
5320,0.5
5321,0.5
5326,0.5
5332,0.5
5345,0.5
5346,0.5
5348,0.5
5351,0.5
5353,0.5
5356,0.5
5364,0.5
5366,0.5
5372,0.5
5373,0.5
5387,0.5
5388,0.5
5390,0.5
5397,0.5
5401,0.5
5402,0.5
5412,0.5
5416,0.5
5417,0.5
5418,0.5
5433,0.5
5440,0.5
5447,0.5
5454,0.5
5462,0.5
5470,0.5
5478,0.5
5498,0.5
5502,0.5
5507,0.5
5512,0.5
5522,0.5
5525,0.5
5536,0.5
5542,0.5
5543,0.5
5547,0.5
5561,0.5
5569,0.5
5571,0.5
5577,0.5
5590,0.5
5598,0.5
5603,0.5
5604,0.5
5606,0.5
5607,0.5
5609,0.5
5613,0.5
5616,0.5
5617,0.5
5627,0.5
5629,0.5
5631,0.5
5635,0.5
5641,0.5
5650,0.5
5653,0.5
5663,0.5
5665,0.5
5680,0.5
5683,0.5
5684,0.5
5690,0.5
5691,0.5
5692,0.5
5697,0.5
5702,0.5
5705,0.5
5707,0.5
5708,0.5
5719,0.5
5720,0.5
5724,0.5
5727,0.5
5733,0.5
5735,0.5
5740,0.5
5748,0.5
5750,0.5
5756,0.5
5770,0.5
5771,0.5
5772,0.5
5773,0.5
5774,0.5
5776,0.5
5780,0.5
5801,0.5
5810,0.5
5811,0.5
5821,0.5
5830,0.5
5836,0.5
5837,0.5
5838,0.5
5839,0.5
5851,0.5
5852,0.5
5854,0.5
5856,0.5
5863,0.5
5867,0.5
5878,0.5
5885,0.5
5891,0.5
5896,0.5
5900,0.5
5904,0.5
5917,0.5
5918,0.5
5921,0.5
5922,0.5
5930,0.5
5933,0.5
5940,0.5
5945,0.5
5948,0.5
5953,0.5
5958,0.5
5960,0.5
5968,0.5
5970,0.5
5972,0.5
5974,0.5
5981,0.5
5985,0.5
5986,0.5
5990,0.5
5993,0.5
5994,0.5
5998,0.5
6000,0.5
6020,0.5
6028,0.5
6030,0.5
6036,0.5
6047,0.5
6054,0.5
6056,0.5
6065,0.5
6066,0.5
6067,0.5
6068,0.5
6072,0.5
6075,0.5
6076,0.5
6077,0.5
6085,0.5
6089,0.5
6099,0.5
6101,0.5
6103,0.5
6104,0.5
6114,0.5
6121,0.5
6122,0.5
6125,0.5
6136,0.5
6141,0.5
6142,0.5
6144,0.5
6145,0.5
6148,0.5
6151,0.5
6152,0.5
6153,0.5
6157,0.5
6165,0.5
6175,0.5
6186,0.5
6187,0.5
6188,0.5
6196,0.5
6198,0.5
6202,0.5
6208,0.5
6213,0.5
6217,0.5
6218,0.5
6219,0.5
6221,0.5
6222,0.5
6241,0.5
6245,0.5
6246,0.5
6248,0.5
6256,0.5
6266,0.5
6270,0.5
6273,0.5
6279,0.5
6289,0.5
6291,0.5
6296,0.5
6297,0.5
6312,0.5
6322,0.5
6325,0.5
6330,0.5
6332,0.5
6333,0.5
6334,0.5
6345,0.5
6348,0.5
6350,0.5
6355,0.5
6356,0.5
6359,0.5
6362,0.5
6363,0.5
6368,0.5
6382,0.5
6383,0.5
6394,0.5
6395,0.5
6402,0.5
6412,0.5
6418,0.5
6419,0.5
6433,0.5
6434,0.5
6445,0.5
6450,0.5
6452,0.5
6464,0.5
6465,0.5
6467,0.5
6468,0.5
6469,0.5
6474,0.5
6487,0.5
6491,0.5
6493,0.5
6496,0.5
6504,0.5
6505,0.5
6506,0.5
6507,0.5
6508,0.5
6519,0.5
6526,0.5
6531,0.5
6532,0.5
6533,0.5
6537,0.5
6538,0.5
6549,0.5
6555,0.5
6556,0.5
6559,0.5
6561,0.5
6568,0.5
6569,0.5
6574,0.5
6579,0.5
6586,0.5
6597,0.5
6600,0.5
6606,0.5
6609,0.5
6619,0.5
6621,0.5
6622,0.5
6623,0.5
6631,0.5
6635,0.5
6674,0.5
6677,0.5
6692,0.5
6693,0.5
6699,0.5
6700,0.5
6702,0.5
6705,0.5
6706,0.5
6714,0.5
6716,0.5
6718,0.5
6719,0.5
6726,0.5
6729,0.5
6731,0.5
6753,0.5
6755,0.5
6762,0.5
6764,0.5
6767,0.5
6769,0.5
6776,0.5
6783,0.5
6786,0.5
6793,0.5
6798,0.5
6799,0.5
6801,0.5
6814,0.5
6815,0.5
6828,0.5
6833,0.5
6843,0.5
6848,0.5
6856,0.5
6866,0.5
6871,0.5
6872,0.5
6877,0.5
6880,0.5
6881,0.5
6887,0.5
6896,0.5
6901,0.5
6915,0.5
6922,0.5
6924,0.5
6931,0.5
6944,0.5
6950,0.5
6953,0.5
6954,0.5
6957,0.5
6961,0.5
6963,0.5
6965,0.5
6966,0.5
6967,0.5
6969,0.5
6971,0.5
6973,0.5
6975,0.5
6977,0.5
6990,0.5
6991,0.5
7000,0.5
7006,0.5
7007,0.5
7015,0.5
7019,0.5
7020,0.5
7021,0.5
7024,0.5
7025,0.5
7027,0.5
7033,0.5
7034,0.5
7038,0.5
7053,0.5
7063,0.5
7064,0.5
7065,0.5
7078,0.5
7085,0.5
7086,0.5
7089,0.5
7092,0.5
7096,0.5
7099,0.5
7101,0.5
7117,0.5
7123,0.5
7130,0.5
7131,0.5
7133,0.5
7136,0.5
7150,0.5
7151,0.5
7155,0.5
7159,0.5
7161,0.5
7171,0.5
7196,0.5
7197,0.5
7200,0.5
7202,0.5
7204,0.5
7211,0.5
7215,0.5
7217,0.5
7227,0.5
7235,0.5
7236,0.5
7247,0.5
7248,0.5
7255,0.5
7262,0.5
7267,0.5
7271,0.5
7275,0.5
7284,0.5
7290,0.5
7293,0.5
7294,0.5
7299,0.5
7304,0.5
7314,0.5
7321,0.5
7327,0.5
7329,0.5
7330,0.5
7333,0.5
7335,0.5
7337,0.5
7351,0.5
7353,0.5
7359,0.5
7360,0.5
7365,0.5
7367,0.5
7369,0.5
7370,0.5
7373,0.5
7375,0.5
7378,0.5
7394,0.5
7396,0.5
7400,0.5
7404,0.5
7407,0.5
7410,0.5
7416,0.5
7419,0.5
7421,0.5
7422,0.5
7427,0.5
7431,0.5
7437,0.5
7439,0.5
7441,0.5
7445,0.5
7450,0.5
7459,0.5
7466,0.5
7467,0.5
7472,0.5
7484,0.5
7488,0.5
7502,0.5
7514,0.5
7515,0.5
7516,0.5
7523,0.5
7531,0.5
7536,0.5
7544,0.5
7546,0.5
7547,0.5
7550,0.5
7551,0.5
7557,0.5
7562,0.5
7565,0.5
7569,0.5
7589,0.5
7598,0.5
7606,0.5
7609,0.5
7614,0.5
7617,0.5
7620,0.5
7632,0.5
7641,0.5
7647,0.5
7653,0.5
7661,0.5
7663,0.5
7665,0.5
7667,0.5
7678,0.5
7693,0.5
7703,0.5
7715,0.5
7719,0.5
7721,0.5
7727,0.5
7731,0.5
7732,0.5
7736,0.5
7739,0.5
7752,0.5
7753,0.5
7778,0.5
7787,0.5
7790,0.5
7795,0.5
7798,0.5
7801,0.5
7812,0.5
7813,0.5
7816,0.5
7825,0.5
7830,0.5
7831,0.5
7833,0.5
7840,0.5
7849,0.5
7850,0.5
7853,0.5
7855,0.5
7856,0.5
7857,0.5
7859,0.5
7867,0.5
7869,0.5
7874,0.5
7875,0.5
7881,0.5
7885,0.5
7890,0.5
7893,0.5
7894,0.5
7898,0.5
7910,0.5
7911,0.5
7920,0.5
7933,0.5
7940,0.5
7950,0.5
7952,0.5
7954,0.5
7965,0.5
7970,0.5
7974,0.5
7976,0.5
7978,0.5
7980,0.5
7981,0.5
7992,0.5
7996,0.5
7998,0.5
8003,0.5
8005,0.5
8006,0.5
8010,0.5
8011,0.5
8013,0.5
8017,0.5
8021,0.5
8023,0.5
8027,0.5
8035,0.5
8041,0.5
8043,0.5
8051,0.5
8052,0.5
8053,0.5
8054,0.5
8061,0.5
8062,0.5
8067,0.5
8071,0.5
8076,0.5
8077,0.5
8084,0.5
8088,0.5
8089,0.5
8096,0.5
8102,0.5
8104,0.5
8108,0.5
8112,0.5
8115,0.5
8122,0.5
8125,0.5
8126,0.5
8131,0.5
8133,0.5
8135,0.5
8145,0.5
8147,0.5
8149,0.5
8155,0.5
8156,0.5
8158,0.5
8160,0.5
8181,0.5
8183,0.5
8192,0.5
8193,0.5
8196,0.5
8198,0.5
8201,0.5
8205,0.5
8210,0.5
8216,0.5
8221,0.5
8223,0.5
8224,0.5
8231,0.5
8234,0.5
8238,0.5
8239,0.5
8243,0.5
8251,0.5
8262,0.5
8263,0.5
8267,0.5
8270,0.5
8276,0.5
8279,0.5
8285,0.5
8287,0.5
8294,0.5
8300,0.5
8320,0.5
8323,0.5
8328,0.5
8344,0.5
8349,0.5
8357,0.5
8359,0.5
8360,0.5
8364,0.5
8365,0.5
8366,0.5
8368,0.5
8375,0.5
8387,0.5
8388,0.5
8389,0.5
8390,0.5
8398,0.5
8403,0.5
8410,0.5
8415,0.5
8420,0.5
8424,0.5
8427,0.5
8429,0.5
8452,0.5
8456,0.5
8460,0.5
8462,0.5
8463,0.5
8478,0.5
8479,0.5
8493,0.5
8496,0.5
8499,0.5
8500,0.5
8502,0.5
8504,0.5
8515,0.5
8518,0.5
8539,0.5
8544,0.5
8553,0.5
8563,0.5
8569,0.5
8571,0.5
8574,0.5
8576,0.5
8582,0.5
8588,0.5
8595,0.5
8596,0.5
8603,0.5
8607,0.5
8610,0.5
8614,0.5
8617,0.5
8618,0.5
8619,0.5
8640,0.5
8649,0.5
8652,0.5
8656,0.5
8657,0.5
8664,0.5
8673,0.5
8689,0.5
8692,0.5
8694,0.5
8696,0.5
8698,0.5
8705,0.5
8707,0.5
8713,0.5
8714,0.5
8718,0.5
8723,0.5
8725,0.5
8736,0.5
8738,0.5
8745,0.5
8762,0.5
8764,0.5
8765,0.5
8774,0.5
8783,0.5
8792,0.5
8794,0.5
8803,0.5
8804,0.5
8815,0.5
8816,0.5
8820,0.5
8828,0.5
8834,0.5
8841,0.5
8843,0.5
8852,0.5
8867,0.5
8870,0.5
8872,0.5
8873,0.5
8874,0.5
8880,0.5
8893,0.5
8900,0.5
8903,0.5
8906,0.5
8907,0.5
8908,0.5
8913,0.5
8918,0.5
8919,0.5
8920,0.5
8928,0.5
8929,0.5
8930,0.5
8931,0.5
8942,0.5
8951,0.5
8952,0.5
8956,0.5
8957,0.5
8958,0.5
8961,0.5
8968,0.5
8976,0.5
8978,0.5
8987,0.5
8997,0.5
9000,0.5
9001,0.5
9012,0.5
9016,0.5
9017,0.5
9019,0.5
9027,0.5
9033,0.5
9035,0.5
9040,0.5
9046,0.5
9049,0.5
9050,0.5
9052,0.5
9054,0.5
9070,0.5
9075,0.5
9076,0.5
9087,0.5
9095,0.5
9098,0.5
9100,0.5
9103,0.5
9104,0.5
9109,0.5
9116,0.5
9117,0.5
9121,0.5
9132,0.5
9136,0.5
9139,0.5
9142,0.5
9144,0.5
9146,0.5
9148,0.5
9151,0.5
9155,0.5
9156,0.5
9172,0.5
9177,0.5
9178,0.5
9180,0.5
9184,0.5
9187,0.5
9191,0.5
9192,0.5
9195,0.5
9205,0.5
9207,0.5
9217,0.5
9219,0.5
9225,0.5
9235,0.5
9242,0.5
9250,0.5
9254,0.5
9255,0.5
9260,0.5
9265,0.5
9270,0.5
9273,0.5
9281,0.5
9282,0.5
9285,0.5
9288,0.5
9293,0.5
9309,0.5
9313,0.5
9316,0.5
9317,0.5
9319,0.5
9330,0.5
9338,0.5
9339,0.5
9341,0.5
9350,0.5
9360,0.5
9369,0.5
9372,0.5
9374,0.5
9379,0.5
9381,0.5
9383,0.5
9385,0.5
9386,0.5
9389,0.5
9393,0.5
9397,0.5
9400,0.5
9404,0.5
9406,0.5
9432,0.5
9436,0.5
9440,0.5
9445,0.5
9447,0.5
9463,0.5
9468,0.5
9472,0.5
9476,0.5
9478,0.5
9479,0.5
9485,0.5
9489,0.5
9492,0.5
9509,0.5
9519,0.5
9527,0.5
9541,0.5
9555,0.5
9560,0.5
9569,0.5
9572,0.5
9579,0.5
9603,0.5
9605,0.5
9614,0.5
9620,0.5
9636,0.5
9637,0.5
9649,0.5
9660,0.5
9661,0.5
9665,0.5
9674,0.5
9677,0.5
9680,0.5
9681,0.5
9687,0.5
9693,0.5
9702,0.5
9703,0.5
9705,0.5
9711,0.5
9713,0.5
9716,0.5
9720,0.5
9724,0.5
9725,0.5
9732,0.5
9733,0.5
9734,0.5
9736,0.5
9739,0.5
9751,0.5
9752,0.5
9761,0.5
9771,0.5
9772,0.5
9782,0.5
9790,0.5
9792,0.5
9794,0.5
9810,0.5
9811,0.5
9817,0.5
9824,0.5
9837,0.5
9842,0.5
9855,0.5
9856,0.5
9861,0.5
9864,0.5
9868,0.5
9888,0.5
9889,0.5
9894,0.5
9900,0.5
9903,0.5
9904,0.5
9918,0.5
9921,0.5
9928,0.5
9932,0.5
9935,0.5
9936,0.5
9943,0.5
9945,0.5
9951,0.5
9954,0.5
9956,0.5
9960,0.5
9977,0.5
9978,0.5
9988,0.5
9989,0.5
9991,0.5
9995,0.5
9997,0.5
10004,0.5
10010,0.5
10013,0.5
10016,0.5
10019,0.5
10033,0.5
10034,0.5
10037,0.5
10039,0.5
10045,0.5
10054,0.5
10062,0.5
10065,0.5
10073,0.5
10086,0.5
10087,0.5
10091,0.5
10096,0.5
10109,0.5
10113,0.5
10121,0.5
10126,0.5
10154,0.5
10155,0.5
10157,0.5
10164,0.5
10172,0.5
10175,0.5
10179,0.5
10183,0.5
10184,0.5
10202,0.5
10205,0.5
10209,0.5
10213,0.5
10220,0.5
10228,0.5
10230,0.5
10232,0.5
10234,0.5
10238,0.5
10239,0.5
10240,0.5
10243,0.5
10244,0.5
10245,0.5
10247,0.5
10248,0.5
10250,0.5
10252,0.5
10253,0.5
10254,0.5
10255,0.5
10257,0.5
10259,0.5
10260,0.5
10262,0.5
10269,0.5
10279,0.5
10281,0.5
10285,0.5
10289,0.5
10301,0.5
10302,0.5
10305,0.5
10308,0.5
10312,0.5
10319,0.5
10325,0.5
10328,0.5
10329,0.5
10335,0.5
10346,0.5
10348,0.5
10349,0.5
10354,0.5
10359,0.5
10365,0.5
10380,0.5
10389,0.5
10406,0.5
10408,0.5
10414,0.5
10418,0.5
10425,0.5
10432,0.5
10435,0.5
10446,0.5
10454,0.5
10455,0.5
10457,0.5
10459,0.5
10463,0.5
10470,0.5
10473,0.5
10474,0.5
10485,0.5
10487,0.5
10488,0.5
10491,0.5
10492,0.5
10496,0.5
10507,0.5
10510,0.5
10513,0.5
10517,0.5
10528,0.5
10532,0.5
10534,0.5
10541,0.5
10543,0.5
10560,0.5
10564,0.5
10566,0.5
10569,0.5
10574,0.5
10580,0.5
10586,0.5
10587,0.5
10596,0.5
10604,0.5
10605,0.5
10611,0.5
10624,0.5
10626,0.5
10627,0.5
10631,0.5
10638,0.5
10663,0.5
10664,0.5
10668,0.5
10669,0.5
10672,0.5
10673,0.5
10679,0.5
10682,0.5
10686,0.5
10690,0.5
10691,0.5
10692,0.5
10695,0.5
10699,0.5
10701,0.5
10705,0.5
10707,0.5
10710,0.5
10713,0.5
10716,0.5
10726,0.5
10727,0.5
10728,0.5
10735,0.5
10740,0.5
10772,0.5
10775,0.5
10785,0.5
10803,0.5
10820,0.5
10822,0.5
10823,0.5
10829,0.5
10832,0.5
10835,0.5
10845,0.5
10848,0.5
10862,0.5
10865,0.5
10869,0.5
10871,0.5
10875,0.5
10879,0.5
10882,0.5
10896,0.5
10898,0.5
10902,0.5
10907,0.5
10913,0.5
10914,0.5
10926,0.5
10933,0.5
10937,0.5
10945,0.5
10946,0.5
10951,0.5
10953,0.5
10967,0.5
10968,0.5
10969,0.5
10970,0.5
10974,0.5
10976,0.5
10977,0.5
10984,0.5
10990,0.5
10991,0.5
10992,0.5
10999,0.5
11005,0.5
11006,0.5
11008,0.5
11010,0.5
11012,0.5
11025,0.5
11028,0.5
11038,0.5
11042,0.5
11076,0.5
11079,0.5
11081,0.5
11082,0.5
11083,0.5
11091,0.5
11094,0.5
11103,0.5
11107,0.5
11111,0.5
11114,0.5
11115,0.5
11116,0.5
11120,0.5
11134,0.5
11136,0.5
11138,0.5
11141,0.5
11143,0.5
11148,0.5
11156,0.5
11157,0.5
11174,0.5
11178,0.5
11179,0.5
11180,0.5
11181,0.5
11185,0.5
11188,0.5
11189,0.5
11193,0.5
11194,0.5
11215,0.5
11216,0.5
11238,0.5
11239,0.5
11241,0.5
11244,0.5
11249,0.5
11260,0.5
11263,0.5
11280,0.5
11281,0.5
11286,0.5
11288,0.5
11291,0.5
11293,0.5
11296,0.5
11301,0.5
11302,0.5
11310,0.5
11314,0.5
11323,0.5
11348,0.5
11349,0.5
11366,0.5
11369,0.5
11375,0.5
11376,0.5
11400,0.5
11406,0.5
11415,0.5
11418,0.5
11420,0.5
11424,0.5
11434,0.5
11435,0.5
11443,0.5
11452,0.5
11453,0.5
11456,0.5
11457,0.5
11461,0.5
11473,0.5
11484,0.5
11493,0.5
11505,0.5
11517,0.5
11518,0.5
11532,0.5
11543,0.5
11545,0.5
11547,0.5
11548,0.5
11559,0.5
11567,0.5
11568,0.5
11571,0.5
11573,0.5
11576,0.5
11580,0.5
11582,0.5
11583,0.5
11586,0.5
11587,0.5
11588,0.5
11599,0.5
11602,0.5
11603,0.5
11621,0.5
11623,0.5
11627,0.5
11645,0.5
11650,0.5
11652,0.5
11656,0.5
11664,0.5
11666,0.5
11667,0.5
11668,0.5
11673,0.5
11678,0.5
11686,0.5
11694,0.5
11698,0.5
11699,0.5
11703,0.5
11706,0.5
11709,0.5
11713,0.5
11714,0.5
11715,0.5
11717,0.5
11724,0.5
11731,0.5
11735,0.5
11736,0.5
11741,0.5
11754,0.5
11760,0.5
11766,0.5
11776,0.5
11785,0.5
11788,0.5
11799,0.5
11800,0.5
11804,0.5
11807,0.5
11811,0.5
11829,0.5
11832,0.5
11835,0.5
11836,0.5
11838,0.5
11839,0.5
11840,0.5
11853,0.5
11855,0.5
11860,0.5
11866,0.5
11868,0.5
11870,0.5
11873,0.5
11881,0.5
11909,0.5
11923,0.5
11933,0.5
11936,0.5
11940,0.5
11950,0.5
11951,0.5
11957,0.5
11963,0.5
11964,0.5
11975,0.5
11977,0.5
11990,0.5
11992,0.5
11995,0.5
12002,0.5
12007,0.5
12009,0.5
12014,0.5
12019,0.5
12020,0.5
12023,0.5
12039,0.5
12051,0.5
12052,0.5
12056,0.5
12067,0.5
12075,0.5
12076,0.5
12081,0.5
12107,0.5
12115,0.5
12118,0.5
12132,0.5
12133,0.5
12139,0.5
12144,0.5
12151,0.5
12167,0.5
12175,0.5
12180,0.5
12183,0.5
12184,0.5
12196,0.5
12206,0.5
12207,0.5
12208,0.5
12213,0.5
12216,0.5
12222,0.5
12229,0.5
12238,0.5
12240,0.5
12241,0.5
12244,0.5
12245,0.5
12248,0.5
12250,0.5
12251,0.5
12256,0.5
12263,0.5
12271,0.5
12284,0.5
12290,0.5
12291,0.5
12305,0.5
12313,0.5
12319,0.5
12321,0.5
12322,0.5
12326,0.5
12327,0.5
12330,0.5
12332,0.5
12337,0.5
12341,0.5
12351,0.5
12374,0.5
12386,0.5
12388,0.5
12389,0.5
12394,0.5
12403,0.5
12404,0.5
12408,0.5
12409,0.5
12413,0.5
12422,0.5
12425,0.5
12427,0.5
12448,0.5
12451,0.5
12454,0.5
12457,0.5
12461,0.5
12469,0.5
12488,0.5
12489,0.5
12516,0.5
12526,0.5
12530,0.5
12534,0.5
12544,0.5
12549,0.5
12556,0.5
12557,0.5
12558,0.5
12559,0.5
12560,0.5
12562,0.5
12565,0.5
12582,0.5
12588,0.5
12592,0.5
12596,0.5
12598,0.5
12600,0.5
12602,0.5
12620,0.5
12622,0.5
12629,0.5
12633,0.5
12636,0.5
12648,0.5
12651,0.5
12652,0.5
12657,0.5
12658,0.5
12661,0.5
12671,0.5
12677,0.5
12685,0.5
12691,0.5
12692,0.5
12699,0.5
12700,0.5
12705,0.5
12709,0.5
12710,0.5
12712,0.5
12713,0.5
12728,0.5
12735,0.5
12737,0.5
12741,0.5
12742,0.5
12743,0.5
12746,0.5
12747,0.5
12750,0.5
12751,0.5
12752,0.5
12755,0.5
12784,0.5
12787,0.5
12793,0.5
12794,0.5
12799,0.5
12804,0.5
12815,0.5
12822,0.5
12834,0.5
12845,0.5
12849,0.5
12853,0.5
12874,0.5
12875,0.5
12876,0.5
12884,0.5
12893,0.5
12911,0.5
12919,0.5
12927,0.5
12931,0.5
12932,0.5
12935,0.5
12937,0.5
12941,0.5
12948,0.5
12956,0.5
12960,0.5
12961,0.5
12966,0.5
12968,0.5
12976,0.5
12978,0.5
12982,0.5
12984,0.5
12990,0.5
12991,0.5
12993,0.5
12994,0.5
13002,0.5
13006,0.5
13013,0.5
13029,0.5
13030,0.5
13031,0.5
13040,0.5
13044,0.5
13046,0.5
13049,0.5
13051,0.5
13054,0.5
13055,0.5
13064,0.5
13067,0.5
13075,0.5
13083,0.5
13086,0.5
13088,0.5
13090,0.5
13091,0.5
13092,0.5
13093,0.5
13094,0.5
13096,0.5
13103,0.5
13105,0.5
13106,0.5
13111,0.5
13115,0.5
13117,0.5
13128,0.5
13131,0.5
13134,0.5
13138,0.5
13148,0.5
13151,0.5
13157,0.5
13161,0.5
13162,0.5
13170,0.5
13180,0.5
13189,0.5
13191,0.5
13195,0.5
13206,0.5
13212,0.5
13222,0.5
13232,0.5
13239,0.5
13240,0.5
13257,0.5
13261,0.5
13264,0.5
13270,0.5
13276,0.5
13277,0.5
13281,0.5
13284,0.5
13294,0.5
13297,0.5
13298,0.5
13302,0.5
13303,0.5
13306,0.5
13314,0.5
13319,0.5
13340,0.5
13343,0.5
13348,0.5
13359,0.5
13360,0.5
13366,0.5
13369,0.5
13373,0.5
13376,0.5
13377,0.5
13378,0.5
13380,0.5
13382,0.5
13391,0.5
13402,0.5
13410,0.5
13412,0.5
13425,0.5
13434,0.5
13436,0.5
13438,0.5
13442,0.5
13455,0.5
13460,0.5
13463,0.5
13468,0.5
13479,0.5
13481,0.5
13482,0.5
13487,0.5
13493,0.5
13497,0.5
13500,0.5
13506,0.5
13516,0.5
13517,0.5
13518,0.5
13519,0.5
13523,0.5
13527,0.5
13529,0.5
13540,0.5
13550,0.5
13551,0.5
13564,0.5
13565,0.5
13568,0.5
13569,0.5
13573,0.5
13576,0.5
13584,0.5
13586,0.5
13588,0.5
13590,0.5
13593,0.5
13596,0.5
13599,0.5
13602,0.5
13604,0.5
13609,0.5
13611,0.5
13614,0.5
13615,0.5
13617,0.5
13626,0.5
13630,0.5
13633,0.5
13634,0.5
13647,0.5
13648,0.5
13657,0.5
13659,0.5
13660,0.5
13667,0.5
13668,0.5
13670,0.5
13674,0.5
13676,0.5
13684,0.5
13685,0.5
13689,0.5
13698,0.5
13707,0.5
13712,0.5
13719,0.5
13723,0.5
13725,0.5
13728,0.5
13730,0.5
13740,0.5
13742,0.5
13743,0.5
13746,0.5
13751,0.5
13753,0.5
13767,0.5
13769,0.5
13772,0.5
13774,0.5
13778,0.5
13782,0.5
13784,0.5
13785,0.5
13788,0.5
13793,0.5
13803,0.5
13804,0.5
13805,0.5
13809,0.5
13810,0.5
13814,0.5
13815,0.5
13816,0.5
13820,0.5
13821,0.5
13823,0.5
13825,0.5
13826,0.5
13828,0.5
13848,0.5
13851,0.5
13852,0.5
13862,0.5
13866,0.5
13867,0.5
13868,0.5
13869,0.5
13873,0.5
13883,0.5
13884,0.5
13893,0.5
13896,0.5
13907,0.5
13908,0.5
13913,0.5
13918,0.5
13919,0.5
13921,0.5
13922,0.5
13925,0.5
13926,0.5
13927,0.5
13933,0.5
13934,0.5
13941,0.5
13944,0.5
13946,0.5
13949,0.5
13950,0.5
13961,0.5
13968,0.5
13970,0.5
13976,0.5
13981,0.5
13988,0.5
13992,0.5
13995,0.5
13998,0.5
14002,0.5
14006,0.5
14011,0.5
14025,0.5
14028,0.5
14031,0.5
14033,0.5
14057,0.5
14065,0.5
14074,0.5
14086,0.5
14087,0.5
14088,0.5
14093,0.5
14100,0.5
14101,0.5
14109,0.5
14111,0.5
14119,0.5
14123,0.5
14127,0.5
14131,0.5
14135,0.5
14136,0.5
14138,0.5
14142,0.5
14152,0.5
14159,0.5
14160,0.5
14167,0.5
14168,0.5
14171,0.5
14174,0.5
14180,0.5
14188,0.5
14196,0.5
14207,0.5
14211,0.5
14222,0.5
14228,0.5
14237,0.5
14241,0.5
14253,0.5
14262,0.5
14267,0.5
14270,0.5
14271,0.5
14275,0.5
14281,0.5
14285,0.5
14288,0.5
14295,0.5
14297,0.5
14303,0.5
14307,0.5
14310,0.5
14326,0.5
14331,0.5
14333,0.5
14334,0.5
14337,0.5
14342,0.5
14349,0.5
14351,0.5
14352,0.5
14356,0.5
14357,0.5
14358,0.5
14360,0.5
14371,0.5
14373,0.5
14378,0.5
14384,0.5
14385,0.5
14402,0.5
14405,0.5
14408,0.5
14423,0.5
14438,0.5
14439,0.5
14442,0.5
14449,0.5
14455,0.5
14456,0.5
14458,0.5
14464,0.5
14467,0.5
14474,0.5
14475,0.5
14476,0.5
14477,0.5
14484,0.5
14487,0.5
14489,0.5
14499,0.5
14500,0.5
14503,0.5
14518,0.5
14522,0.5
14526,0.5
14527,0.5
14533,0.5
14534,0.5
14536,0.5
14538,0.5
14541,0.5
14563,0.5
14565,0.5
14573,0.5
14574,0.5
14576,0.5
14583,0.5
14604,0.5
14606,0.5
14607,0.5
14617,0.5
14618,0.5
14629,0.5
14630,0.5
14631,0.5
14639,0.5
14644,0.5
14647,0.5
14651,0.5
14652,0.5
14665,0.5
14670,0.5
14671,0.5
14674,0.5
14682,0.5
14684,0.5
14688,0.5
14690,0.5
14695,0.5
14697,0.5
14702,0.5
14706,0.5
14707,0.5
14708,0.5
14711,0.5
14719,0.5
14744,0.5
14746,0.5
14751,0.5
14754,0.5
14756,0.5
14758,0.5
14760,0.5
14767,0.5
14770,0.5
14771,0.5
14774,0.5
14776,0.5
14782,0.5
14785,0.5
14788,0.5
14791,0.5
14797,0.5
14801,0.5
14809,0.5
14814,0.5
14815,0.5
14817,0.5
14834,0.5
14836,0.5
14838,0.5
14839,0.5
14842,0.5
14845,0.5
14853,0.5
14855,0.5
14857,0.5
14858,0.5
14862,0.5
14869,0.5
14870,0.5
14874,0.5
14875,0.5
14877,0.5
14880,0.5
14882,0.5
14898,0.5
14901,0.5
14906,0.5
14907,0.5
14915,0.5
14916,0.5
14920,0.5
14922,0.5
14925,0.5
14930,0.5
14938,0.5
14945,0.5
14950,0.5
14955,0.5
14961,0.5
14962,0.5
14978,0.5
14980,0.5
14981,0.5
14983,0.5
14990,0.5
14996,0.5
14997,0.5
15002,0.5
15005,0.5
15007,0.5
15014,0.5
15018,0.5
15037,0.5
15038,0.5
15039,0.5
15044,0.5
15046,0.5
15052,0.5
15053,0.5
15055,0.5
15057,0.5
15058,0.5
15063,0.5
15070,0.5
15073,0.5
15081,0.5
15082,0.5
15088,0.5
15093,0.5
15109,0.5
15115,0.5
15116,0.5
15117,0.5
15123,0.5
15129,0.5
15136,0.5
15137,0.5
15141,0.5
15153,0.5
15159,0.5
15162,0.5
15166,0.5
15175,0.5
15180,0.5
15187,0.5
15192,0.5
15196,0.5
15204,0.5
15206,0.5
15216,0.5
15219,0.5
15222,0.5
15226,0.5
15232,0.5
15234,0.5
15238,0.5
15239,0.5
15250,0.5
15253,0.5
15255,0.5
15259,0.5
15267,0.5
15269,0.5
15271,0.5
15272,0.5
15274,0.5
15277,0.5
15281,0.5
15283,0.5
15285,0.5
15288,0.5
15304,0.5
15308,0.5
15310,0.5
15325,0.5
15332,0.5
15342,0.5
15344,0.5
15347,0.5
15353,0.5
15359,0.5
15362,0.5
15368,0.5
15372,0.5
15373,0.5
15378,0.5
15379,0.5
15383,0.5
15385,0.5
15386,0.5
15387,0.5
15390,0.5
15393,0.5
15394,0.5
15395,0.5
15400,0.5
15402,0.5
15404,0.5
15407,0.5
15410,0.5
15411,0.5
15432,0.5
15437,0.5
15440,0.5
15455,0.5
15458,0.5
15471,0.5
15473,0.5
15480,0.5
15482,0.5
15485,0.5
15491,0.5
15502,0.5
15503,0.5
15504,0.5
15507,0.5
15509,0.5
15510,0.5
15513,0.5
15528,0.5
15535,0.5
15538,0.5
15540,0.5
15546,0.5
15552,0.5
15554,0.5
15561,0.5
15562,0.5
15563,0.5
15566,0.5
15573,0.5
15575,0.5
15576,0.5
15581,0.5
15589,0.5
15592,0.5
15595,0.5
15597,0.5
15611,0.5
15615,0.5
15617,0.5
15632,0.5
15633,0.5
15635,0.5
15639,0.5
15641,0.5
15642,0.5
15645,0.5
15648,0.5
15654,0.5
15662,0.5
15663,0.5
15665,0.5
15666,0.5
15672,0.5
15674,0.5
15677,0.5
15679,0.5
15683,0.5
15685,0.5
15687,0.5
15703,0.5
15705,0.5
15706,0.5
15708,0.5
15714,0.5
15716,0.5
15730,0.5
15733,0.5
15735,0.5
15739,0.5
15748,0.5
15750,0.5
15752,0.5
15754,0.5
15760,0.5
15765,0.5
15776,0.5
15779,0.5
15781,0.5
15782,0.5
15783,0.5
15787,0.5
15789,0.5
15794,0.5
15795,0.5
15806,0.5
15809,0.5
15827,0.5
15833,0.5
15838,0.5
15839,0.5
15840,0.5
15849,0.5
15855,0.5
15860,0.5
15861,0.5
15870,0.5
15876,0.5
15877,0.5
15878,0.5
15880,0.5
15886,0.5
15887,0.5
15888,0.5
15889,0.5
15899,0.5
15902,0.5
15903,0.5
15916,0.5
15917,0.5
15918,0.5
15924,0.5
15926,0.5
15940,0.5
15954,0.5
15962,0.5
15966,0.5
15972,0.5
15984,0.5
15986,0.5
15988,0.5
15992,0.5
15995,0.5
16000,0.5
16008,0.5
16031,0.5
16032,0.5
16033,0.5
16037,0.5
16051,0.5
16053,0.5
16055,0.5
16061,0.5
16062,0.5
16071,0.5
16074,0.5
16086,0.5
16089,0.5
16090,0.5
16093,0.5
16095,0.5
16098,0.5
16100,0.5
16106,0.5
16117,0.5
16137,0.5
16145,0.5
16147,0.5
16161,0.5
16162,0.5
16187,0.5
16194,0.5
16195,0.5
16203,0.5
16207,0.5
16210,0.5
16216,0.5
16217,0.5
16218,0.5
16219,0.5
16222,0.5
16224,0.5
16231,0.5
16240,0.5
16245,0.5
16247,0.5
16258,0.5
16269,0.5
16271,0.5
16276,0.5
16278,0.5
16282,0.5
16283,0.5
16285,0.5
16292,0.5
16299,0.5
16310,0.5
16311,0.5
16323,0.5
16324,0.5
16326,0.5
16329,0.5
16330,0.5
16333,0.5
16334,0.5
16343,0.5
16346,0.5
16351,0.5
16358,0.5
16359,0.5
16365,0.5
16366,0.5
16368,0.5
16372,0.5
16373,0.5
16376,0.5
16379,0.5
16382,0.5
16386,0.5
16393,0.5
16395,0.5
16400,0.5
16415,0.5
16421,0.5
16424,0.5
16427,0.5
16431,0.5
16432,0.5
16435,0.5
16443,0.5
16448,0.5
16454,0.5
16464,0.5
16470,0.5
16472,0.5
16476,0.5
16480,0.5
16486,0.5
16488,0.5
16489,0.5
16500,0.5
16501,0.5
16502,0.5
16511,0.5
16516,0.5
16526,0.5
16534,0.5
16538,0.5
16539,0.5
16540,0.5
16544,0.5
16555,0.5
16556,0.5
16558,0.5
16560,0.5
16564,0.5
16565,0.5
16571,0.5
16575,0.5
16583,0.5
16584,0.5
16586,0.5
16599,0.5
16601,0.5
16602,0.5
16605,0.5
16606,0.5
16609,0.5
16623,0.5
16634,0.5
16640,0.5
16643,0.5
16647,0.5
16652,0.5
16657,0.5
16662,0.5
16672,0.5
16674,0.5
16680,0.5
16684,0.5
16686,0.5
16687,0.5
16696,0.5
16698,0.5
16702,0.5
16703,0.5
16708,0.5
16709,0.5
16712,0.5
16716,0.5
16718,0.5
16721,0.5
16725,0.5
16734,0.5
16737,0.5
16754,0.5
16760,0.5
16761,0.5
16762,0.5
16776,0.5
16777,0.5
16780,0.5
16783,0.5
16784,0.5
16792,0.5
16804,0.5
16806,0.5
16809,0.5
16813,0.5
16817,0.5
16824,0.5
16830,0.5
16858,0.5
16861,0.5
16862,0.5
16871,0.5
16872,0.5
16877,0.5
16882,0.5
16883,0.5
16887,0.5
16891,0.5
16893,0.5
16902,0.5
16910,0.5
16912,0.5
16915,0.5
16925,0.5
16942,0.5
16947,0.5
16954,0.5
16962,0.5
16963,0.5
16964,0.5
16972,0.5
16984,0.5
17000,0.5
17006,0.5
17011,0.5
17016,0.5
17018,0.5
17022,0.5
17026,0.5
17030,0.5
17032,0.5
17042,0.5
17046,0.5
17060,0.5
17063,0.5
17065,0.5
17077,0.5
17079,0.5
17088,0.5
17090,0.5
17092,0.5
17094,0.5
17110,0.5
17111,0.5
17114,0.5
17118,0.5
17142,0.5
17143,0.5
17148,0.5
17149,0.5
17157,0.5
17159,0.5
17168,0.5
17181,0.5
17197,0.5
17202,0.5
17214,0.5
17215,0.5
17222,0.5
17229,0.5
17233,0.5
17237,0.5
17239,0.5
17240,0.5
17242,0.5
17244,0.5
17247,0.5
17251,0.5
17253,0.5
17261,0.5
17268,0.5
17275,0.5
17276,0.5
17277,0.5
17290,0.5
17297,0.5
17298,0.5
17304,0.5
17308,0.5
17310,0.5
17316,0.5
17325,0.5
17333,0.5
17337,0.5
17342,0.5
17350,0.5
17352,0.5
17353,0.5
17356,0.5
17366,0.5
17367,0.5
17371,0.5
17379,0.5
17382,0.5
17386,0.5
17394,0.5
17396,0.5
17398,0.5
17401,0.5
17404,0.5
17410,0.5
17411,0.5
17422,0.5
17432,0.5
17433,0.5
17436,0.5
17439,0.5
17451,0.5
17453,0.5
17457,0.5
17460,0.5
17461,0.5
17466,0.5
17475,0.5
17477,0.5
17484,0.5
17494,0.5
17498,0.5
17500,0.5
17507,0.5
17509,0.5
17518,0.5
17522,0.5
17524,0.5
17532,0.5
17533,0.5
17534,0.5
17542,0.5
17549,0.5
17550,0.5
17552,0.5
17556,0.5
17563,0.5
17565,0.5
17572,0.5
17575,0.5
17576,0.5
17583,0.5
17596,0.5
17602,0.5
17605,0.5
17616,0.5
17618,0.5
17623,0.5
17637,0.5
17639,0.5
17641,0.5
17645,0.5
17650,0.5
17655,0.5
17656,0.5
17658,0.5
17660,0.5
17663,0.5
17664,0.5
17665,0.5
17667,0.5
17671,0.5
17673,0.5
17675,0.5
17682,0.5
17686,0.5
17691,0.5
17700,0.5
17701,0.5
17703,0.5
17708,0.5
17711,0.5
17718,0.5
17725,0.5
17730,0.5
17731,0.5
17732,0.5
17733,0.5
17738,0.5
17739,0.5
17751,0.5
17752,0.5
17755,0.5
17767,0.5
17768,0.5
17771,0.5
17775,0.5
17781,0.5
17796,0.5
17802,0.5
17807,0.5
17817,0.5
17820,0.5
17822,0.5
17828,0.5
17830,0.5
17838,0.5
17839,0.5
17844,0.5
17848,0.5
17855,0.5
17859,0.5
17870,0.5
17871,0.5
17877,0.5
17880,0.5
17899,0.5
17902,0.5
17905,0.5
17906,0.5
17911,0.5
17912,0.5
17913,0.5
17919,0.5
17922,0.5
17926,0.5
17927,0.5
17936,0.5
17943,0.5
17944,0.5
17946,0.5
17949,0.5
17952,0.5
17968,0.5
17969,0.5
17975,0.5
17976,0.5
17982,0.5
17984,0.5
17987,0.5
17988,0.5
17998,0.5
18002,0.5
18010,0.5
18012,0.5
18018,0.5
18019,0.5
18024,0.5
18039,0.5
18040,0.5
18053,0.5
18055,0.5
18056,0.5
18065,0.5
18068,0.5
18069,0.5
18072,0.5
18074,0.5
18083,0.5
18090,0.5
18091,0.5
18092,0.5
18097,0.5
18102,0.5
18107,0.5
18108,0.5
18115,0.5
18118,0.5
18121,0.5
18128,0.5
18130,0.5
18132,0.5
18136,0.5
18138,0.5
18150,0.5
18158,0.5
18167,0.5
18171,0.5
18177,0.5
18178,0.5
18186,0.5
18188,0.5
18189,0.5
18192,0.5
18207,0.5
18210,0.5
18211,0.5
18212,0.5
18214,0.5
18216,0.5
18217,0.5
18226,0.5
18236,0.5
18244,0.5
18247,0.5
18254,0.5
18269,0.5
18272,0.5
18280,0.5
18282,0.5
18286,0.5
18288,0.5
18294,0.5
18295,0.5
18298,0.5
18299,0.5
18300,0.5
18301,0.5
18305,0.5
18306,0.5
18308,0.5
18321,0.5
18326,0.5
18338,0.5
18340,0.5
18347,0.5
18353,0.5
18354,0.5
18359,0.5
18366,0.5
18367,0.5
18372,0.5
18378,0.5
18387,0.5
18390,0.5
18391,0.5
18392,0.5
18393,0.5
18394,0.5
18396,0.5
18401,0.5
18402,0.5
18406,0.5
18416,0.5
18417,0.5
18430,0.5
18439,0.5
18440,0.5
18444,0.5
18471,0.5
18478,0.5
18489,0.5
18491,0.5
18497,0.5
18500,0.5
18506,0.5
18509,0.5
18511,0.5
18512,0.5
18523,0.5
18543,0.5
18557,0.5
18558,0.5
18559,0.5
18563,0.5
18566,0.5
18568,0.5
18570,0.5
18573,0.5
18577,0.5
18578,0.5
18595,0.5
18598,0.5
18606,0.5
18608,0.5
18621,0.5
18625,0.5
18626,0.5
18632,0.5
18636,0.5
18639,0.5
18641,0.5
18644,0.5
18656,0.5
18662,0.5
18663,0.5
18675,0.5
18690,0.5
18694,0.5
18698,0.5
18702,0.5
18704,0.5
18705,0.5
18709,0.5
18719,0.5
18720,0.5
18723,0.5
18727,0.5
18729,0.5
18730,0.5
18731,0.5
18734,0.5
18735,0.5
18737,0.5
18740,0.5
18741,0.5
18743,0.5
18749,0.5
18762,0.5
18766,0.5
18769,0.5
18772,0.5
18773,0.5
18776,0.5
18784,0.5
18786,0.5
18811,0.5
18820,0.5
18828,0.5
18831,0.5
18833,0.5
18844,0.5
18847,0.5
18848,0.5
18876,0.5
18881,0.5
18883,0.5
18894,0.5
18895,0.5
18906,0.5
18918,0.5
18923,0.5
18936,0.5
18941,0.5
18953,0.5
18958,0.5
18965,0.5
18967,0.5
18972,0.5
18980,0.5
19005,0.5
19016,0.5
19018,0.5
19022,0.5
19026,0.5
19036,0.5
19049,0.5
19051,0.5
19056,0.5
19057,0.5
19061,0.5
19062,0.5
19072,0.5
19074,0.5
19082,0.5
19087,0.5
19091,0.5
19103,0.5
19110,0.5
19115,0.5
19117,0.5
19118,0.5
19141,0.5
19142,0.5
19150,0.5
19154,0.5
19158,0.5
19168,0.5
19174,0.5
19179,0.5
19180,0.5
19188,0.5
19191,0.5
19195,0.5
19202,0.5
19209,0.5
19215,0.5
19219,0.5
19221,0.5
19222,0.5
19223,0.5
19231,0.5
19243,0.5
19252,0.5
19261,0.5
19273,0.5
19283,0.5
19289,0.5
19294,0.5
19302,0.5
19325,0.5
19328,0.5
19340,0.5
19342,0.5
19343,0.5
19345,0.5
19350,0.5
19352,0.5
19354,0.5
19358,0.5
19360,0.5
19379,0.5
19381,0.5
19382,0.5
19387,0.5
19391,0.5
19393,0.5
19396,0.5
19397,0.5
19399,0.5
19401,0.5
19407,0.5
19413,0.5
19417,0.5
19418,0.5
19419,0.5
19422,0.5
19430,0.5
19432,0.5
19438,0.5
19443,0.5
19451,0.5
19452,0.5
19454,0.5
19459,0.5
19460,0.5
19470,0.5
19492,0.5
19493,0.5
19501,0.5
19503,0.5
19507,0.5
19509,0.5
19514,0.5
19517,0.5
19520,0.5
19529,0.5
19531,0.5
19534,0.5
19543,0.5
19544,0.5
19548,0.5
19551,0.5
19553,0.5
19557,0.5
19563,0.5
19564,0.5
19566,0.5
19570,0.5
19572,0.5
19573,0.5
19575,0.5
19577,0.5
19582,0.5
19588,0.5
19595,0.5
19608,0.5
19609,0.5
19613,0.5
19618,0.5
19624,0.5
19632,0.5
19638,0.5
19645,0.5
19648,0.5
19649,0.5
19650,0.5
19657,0.5
19661,0.5
19662,0.5
19671,0.5
19673,0.5
19674,0.5
19677,0.5
19684,0.5
19697,0.5
19701,0.5
19703,0.5
19711,0.5
19713,0.5
19715,0.5
19719,0.5
19723,0.5
19724,0.5
19728,0.5
19736,0.5
19745,0.5
19747,0.5
19758,0.5
19764,0.5
19768,0.5
19773,0.5
19775,0.5
19776,0.5
19783,0.5
19785,0.5
19794,0.5
19795,0.5
19800,0.5
19801,0.5
19802,0.5
19804,0.5
19808,0.5
19809,0.5
19812,0.5
19817,0.5
19818,0.5
19820,0.5
19831,0.5
19835,0.5
19836,0.5
19864,0.5
19865,0.5
19870,0.5
19880,0.5
19881,0.5
19882,0.5
19883,0.5
19887,0.5
19890,0.5
19894,0.5
19899,0.5
19914,0.5
19918,0.5
19923,0.5
19935,0.5
19946,0.5
19957,0.5
19960,0.5
19961,0.5
19976,0.5
19979,0.5
19981,0.5
19986,0.5
19988,0.5
19989,0.5
19991,0.5
19995,0.5
19997,0.5
19999,0.5
20000,0.5
20001,0.5
20012,0.5
20036,0.5
20048,0.5
20049,0.5
20059,0.5
20063,0.5
20064,0.5
20074,0.5
20076,0.5
20078,0.5
20083,0.5
20087,0.5
20090,0.5
20091,0.5
20108,0.5
20136,0.5
20138,0.5
20139,0.5
20140,0.5
20141,0.5
20144,0.5
20149,0.5
20153,0.5
20164,0.5
20177,0.5
20181,0.5
20185,0.5
20191,0.5
20197,0.5
20199,0.5
20200,0.5
20203,0.5
20205,0.5
20207,0.5
20227,0.5
20230,0.5
20231,0.5
20233,0.5
20234,0.5
20236,0.5
20241,0.5
20242,0.5
20255,0.5
20257,0.5
20266,0.5
20270,0.5
20273,0.5
20274,0.5
20277,0.5
20279,0.5
20282,0.5
20287,0.5
20297,0.5
20299,0.5
20309,0.5
20311,0.5
20316,0.5
20324,0.5
20332,0.5
20337,0.5
20344,0.5
20347,0.5
20356,0.5
20365,0.5
20367,0.5
20375,0.5
20379,0.5
20380,0.5
20386,0.5
20387,0.5
20388,0.5
20402,0.5
20411,0.5
20416,0.5
20418,0.5
20441,0.5
20443,0.5
20448,0.5
20450,0.5
20453,0.5
20456,0.5
20464,0.5
20467,0.5
20471,0.5
20474,0.5
20478,0.5
20482,0.5
20485,0.5
20488,0.5
20493,0.5
20501,0.5
20502,0.5
20510,0.5
20511,0.5
20515,0.5
20517,0.5
20520,0.5
20528,0.5
20529,0.5
20536,0.5
20540,0.5
20564,0.5
20585,0.5
20596,0.5
20597,0.5
20599,0.5
20603,0.5
20604,0.5
20606,0.5
20607,0.5
20609,0.5
20610,0.5
20615,0.5
20616,0.5
20622,0.5
20625,0.5
20630,0.5
20631,0.5
20635,0.5
20636,0.5
20640,0.5
20642,0.5
20648,0.5
20649,0.5
20653,0.5
20655,0.5
20656,0.5
20667,0.5
20671,0.5
20676,0.5
20679,0.5
20681,0.5
20685,0.5
20691,0.5
20695,0.5
20700,0.5
20708,0.5
20709,0.5
20717,0.5
20720,0.5
20725,0.5
20726,0.5
20734,0.5
20737,0.5
20742,0.5
20748,0.5
20754,0.5
20770,0.5
20775,0.5
20777,0.5
20781,0.5
20791,0.5
20805,0.5
20808,0.5
20814,0.5
20817,0.5
20823,0.5
20827,0.5
20839,0.5
20845,0.5
20863,0.5
20876,0.5
20879,0.5
20880,0.5
20883,0.5
20885,0.5
20887,0.5
20893,0.5
20896,0.5
20903,0.5
20905,0.5
20907,0.5
20911,0.5
20912,0.5
20913,0.5
20914,0.5
20919,0.5
20921,0.5
20925,0.5
20927,0.5
20940,0.5
20948,0.5
20964,0.5
20967,0.5
20969,0.5
20970,0.5
20977,0.5
20983,0.5
20990,0.5
20993,0.5
20999,0.5
21002,0.5
21006,0.5
21008,0.5
21014,0.5
21016,0.5
21022,0.5
21023,0.5
21034,0.5
21035,0.5
21040,0.5
21044,0.5
21048,0.5
21049,0.5
21050,0.5
21057,0.5
21068,0.5
21069,0.5
21074,0.5
21076,0.5
21077,0.5
21078,0.5
21082,0.5
21083,0.5
21084,0.5
21086,0.5
21092,0.5
21095,0.5
21096,0.5
21097,0.5
21099,0.5
21101,0.5
21104,0.5
21118,0.5
21119,0.5
21128,0.5
21131,0.5
21138,0.5
21143,0.5
21144,0.5
21152,0.5
21158,0.5
21159,0.5
21168,0.5
21169,0.5
21172,0.5
21173,0.5
21184,0.5
21186,0.5
21188,0.5
21190,0.5
21193,0.5
21195,0.5
21210,0.5
21211,0.5
21214,0.5
21221,0.5
21222,0.5
21223,0.5
21236,0.5
21238,0.5
21249,0.5
21254,0.5
21257,0.5
21259,0.5
21263,0.5
21266,0.5
21274,0.5
21280,0.5
21281,0.5
21282,0.5
21284,0.5
21287,0.5
21289,0.5
21296,0.5
21302,0.5
21316,0.5
21320,0.5
21323,0.5
21340,0.5
21341,0.5
21347,0.5
21349,0.5
21362,0.5
21367,0.5
21368,0.5
21369,0.5
21370,0.5
21377,0.5
21383,0.5
21398,0.5
21401,0.5
21404,0.5
21411,0.5
21413,0.5
21414,0.5
21415,0.5
21416,0.5
21417,0.5
21418,0.5
21423,0.5
21429,0.5
21435,0.5
21447,0.5
21449,0.5
21455,0.5
21456,0.5
21460,0.5
21474,0.5
21483,0.5
21487,0.5
21490,0.5
21503,0.5
21505,0.5
21511,0.5
21514,0.5
21515,0.5
21519,0.5
21521,0.5
21525,0.5
21534,0.5
21542,0.5
21544,0.5
21549,0.5
21550,0.5
21558,0.5
21560,0.5
21563,0.5
21572,0.5
21577,0.5
21583,0.5
21589,0.5
21601,0.5
21607,0.5
21622,0.5
21623,0.5
21627,0.5
21643,0.5
21646,0.5
21654,0.5
21658,0.5
21665,0.5
21669,0.5
21674,0.5
21682,0.5
21703,0.5
21705,0.5
21707,0.5
21709,0.5
21720,0.5
21729,0.5
21730,0.5
21732,0.5
21734,0.5
21746,0.5
21748,0.5
21756,0.5
21758,0.5
21763,0.5
21768,0.5
21778,0.5
21779,0.5
21780,0.5
21787,0.5
21802,0.5
21803,0.5
21805,0.5
21813,0.5
21820,0.5
21823,0.5
21827,0.5
21828,0.5
21830,0.5
21831,0.5
21837,0.5
21840,0.5
21841,0.5
21844,0.5
21851,0.5
21857,0.5
21860,0.5
21865,0.5
21872,0.5
21877,0.5
21895,0.5
21901,0.5
21902,0.5
21906,0.5
21907,0.5
21908,0.5
21909,0.5
21911,0.5
21917,0.5
21921,0.5
21923,0.5
21925,0.5
21940,0.5
21942,0.5
21946,0.5
21948,0.5
21953,0.5
21955,0.5
21968,0.5
21969,0.5
21971,0.5
21972,0.5
21973,0.5
21975,0.5
21976,0.5
21986,0.5
21990,0.5
21991,0.5
21992,0.5
21995,0.5
21998,0.5
21999,0.5
22003,0.5
22006,0.5
22014,0.5
22015,0.5
22016,0.5
22021,0.5
22027,0.5
22033,0.5
22034,0.5
22040,0.5
22041,0.5
22059,0.5
22073,0.5
22085,0.5
22086,0.5
22093,0.5
22096,0.5
22099,0.5
22105,0.5
22112,0.5
22115,0.5
22117,0.5
22125,0.5
22126,0.5
22134,0.5
22158,0.5
22159,0.5
22164,0.5
22167,0.5
22178,0.5
22188,0.5
22189,0.5
22190,0.5
22200,0.5
22204,0.5
22208,0.5
22213,0.5
22214,0.5
22217,0.5
22219,0.5
22224,0.5
22226,0.5
22229,0.5
22233,0.5
22242,0.5
22256,0.5
22262,0.5
22265,0.5
22266,0.5
22269,0.5
22270,0.5
22272,0.5
22277,0.5
22281,0.5
22283,0.5
22286,0.5
22290,0.5
22293,0.5
22300,0.5
22301,0.5
22307,0.5
22310,0.5
22312,0.5
22313,0.5
22314,0.5
22315,0.5
22316,0.5
22321,0.5
22325,0.5
22330,0.5
22335,0.5
22338,0.5
22344,0.5
22346,0.5
22347,0.5
22348,0.5
22352,0.5
22353,0.5
22355,0.5
22360,0.5
22368,0.5
22381,0.5
22384,0.5
22387,0.5
22388,0.5
22390,0.5
22406,0.5
22409,0.5
22419,0.5
22425,0.5
22431,0.5
22434,0.5
22436,0.5
22449,0.5
22454,0.5
22456,0.5
22458,0.5
22461,0.5
22465,0.5
22471,0.5
22472,0.5
22474,0.5
22482,0.5
22483,0.5
22498,0.5
22501,0.5
22503,0.5
22511,0.5
22519,0.5
22520,0.5
22523,0.5
22528,0.5
22529,0.5
22532,0.5
22534,0.5
22535,0.5
22538,0.5
22539,0.5
22544,0.5
22553,0.5
22554,0.5
22559,0.5
22562,0.5
22568,0.5
22572,0.5
22573,0.5
22576,0.5
22577,0.5
22581,0.5
22582,0.5
22588,0.5
22591,0.5
22593,0.5
22595,0.5
22597,0.5
22600,0.5
22601,0.5
22606,0.5
22610,0.5
22613,0.5
22622,0.5
22626,0.5
22631,0.5
22636,0.5
22639,0.5
22647,0.5
22657,0.5
22663,0.5
22667,0.5
22670,0.5
22676,0.5
22677,0.5
22694,0.5
22701,0.5
22705,0.5
22711,0.5
22714,0.5
22715,0.5
22723,0.5
22727,0.5
22729,0.5
22743,0.5
22744,0.5
22746,0.5
22747,0.5
22749,0.5
22750,0.5
22751,0.5
22754,0.5
22756,0.5
22760,0.5
22763,0.5
22767,0.5
22769,0.5
22770,0.5
22773,0.5
22783,0.5
22798,0.5
22800,0.5
22810,0.5
22840,0.5
22841,0.5
22842,0.5
22846,0.5
22849,0.5
22853,0.5
22854,0.5
22859,0.5
22869,0.5
22871,0.5
22874,0.5
22879,0.5
22880,0.5
22881,0.5
22885,0.5
22886,0.5
22891,0.5
22896,0.5
22903,0.5
22907,0.5
22918,0.5
22919,0.5
22927,0.5
22931,0.5
22932,0.5
22933,0.5
22934,0.5
22947,0.5
22961,0.5
22967,0.5
22968,0.5
22970,0.5
22971,0.5
22972,0.5
22979,0.5
22983,0.5
22988,0.5
22996,0.5
23000,0.5
23002,0.5
23014,0.5
23015,0.5
23017,0.5
23026,0.5
23028,0.5
23034,0.5
23043,0.5
23046,0.5
23054,0.5
23062,0.5
23064,0.5
23070,0.5
23073,0.5
23074,0.5
23076,0.5
23077,0.5
23082,0.5
23093,0.5
23094,0.5
23102,0.5
23109,0.5
23110,0.5
23111,0.5
23113,0.5
23114,0.5
23115,0.5
23120,0.5
23129,0.5
23131,0.5
23146,0.5
23150,0.5
23160,0.5
23167,0.5
23172,0.5
23175,0.5
23176,0.5
23177,0.5
23180,0.5
23182,0.5
23184,0.5
23186,0.5
23188,0.5
23200,0.5
23206,0.5
23208,0.5
23210,0.5
23215,0.5
23218,0.5
23222,0.5
23229,0.5
23233,0.5
23238,0.5
23239,0.5
23240,0.5
23241,0.5
23245,0.5
23246,0.5
23253,0.5
23254,0.5
23260,0.5
23267,0.5
23269,0.5
23270,0.5
23271,0.5
23276,0.5
23279,0.5
23280,0.5
23282,0.5
23295,0.5
23296,0.5
23298,0.5
23310,0.5
23311,0.5
23331,0.5
23333,0.5
23335,0.5
23340,0.5
23343,0.5
23349,0.5
23359,0.5
23363,0.5
23366,0.5
23370,0.5
23378,0.5
23379,0.5
23384,0.5
23391,0.5
23394,0.5
23399,0.5
23403,0.5
23408,0.5
23410,0.5
23423,0.5
23424,0.5
23434,0.5
23441,0.5
23443,0.5
23446,0.5
23450,0.5
23464,0.5
23472,0.5
23479,0.5
23483,0.5
23484,0.5
23498,0.5
23500,0.5
23508,0.5
23511,0.5
23515,0.5
23519,0.5
23523,0.5
23540,0.5
23543,0.5
23544,0.5
23546,0.5
23552,0.5
23562,0.5
23569,0.5
23574,0.5
23582,0.5
23592,0.5
23594,0.5
23613,0.5
23617,0.5
23620,0.5
23630,0.5
23632,0.5
23633,0.5
23636,0.5
23637,0.5
23648,0.5
23659,0.5
23662,0.5
23669,0.5
23671,0.5
23672,0.5
23679,0.5
23681,0.5
23682,0.5
23685,0.5
23687,0.5
23688,0.5
23694,0.5
23696,0.5
23699,0.5
23702,0.5
23719,0.5
23720,0.5
23724,0.5
23728,0.5
23729,0.5
23732,0.5
23736,0.5
23739,0.5
23744,0.5
23755,0.5
23756,0.5
23757,0.5
23759,0.5
23762,0.5
23765,0.5
23766,0.5
23776,0.5
23778,0.5
23782,0.5
23783,0.5
23788,0.5
23793,0.5
23795,0.5
23799,0.5
23800,0.5
23803,0.5
23804,0.5
23813,0.5
23837,0.5
23843,0.5
23847,0.5
23848,0.5
23851,0.5
23853,0.5
23856,0.5
23861,0.5
23864,0.5
23875,0.5
23876,0.5
23884,0.5
23891,0.5
23904,0.5
23907,0.5
23911,0.5
23920,0.5
23921,0.5
23926,0.5
23927,0.5
23929,0.5
23934,0.5
23935,0.5
23936,0.5
23942,0.5
23943,0.5
23953,0.5
23955,0.5
23958,0.5
23960,0.5
23961,0.5
23963,0.5
23965,0.5
23971,0.5
23979,0.5
23986,0.5
23987,0.5
23995,0.5
24003,0.5
24005,0.5
24010,0.5
24012,0.5
24013,0.5
24020,0.5
24022,0.5
24039,0.5
24043,0.5
24048,0.5
24064,0.5
24065,0.5
24070,0.5
24081,0.5
24089,0.5
24090,0.5
24095,0.5
24097,0.5
24104,0.5
24105,0.5
24106,0.5
24110,0.5
24115,0.5
24128,0.5
24136,0.5
24147,0.5
24152,0.5
24157,0.5
24164,0.5
24175,0.5
24178,0.5
24179,0.5
24188,0.5
24192,0.5
24193,0.5
24202,0.5
24207,0.5
24232,0.5
24236,0.5
24242,0.5
24247,0.5
24252,0.5
24260,0.5
24264,0.5
24266,0.5
24271,0.5
24272,0.5
24279,0.5
24286,0.5
24292,0.5
24296,0.5
24300,0.5
24308,0.5
24312,0.5
24314,0.5
24320,0.5
24329,0.5
24335,0.5
24336,0.5
24338,0.5
24343,0.5
24346,0.5
24355,0.5
24361,0.5
24367,0.5
24369,0.5
24372,0.5
24382,0.5
24383,0.5
24384,0.5
24387,0.5
24392,0.5
24395,0.5
24407,0.5
24413,0.5
24420,0.5
24429,0.5
24431,0.5
24434,0.5
24445,0.5
24458,0.5
24468,0.5
24477,0.5
24483,0.5
24484,0.5
24488,0.5
24491,0.5
24492,0.5
24495,0.5
24498,0.5
24508,0.5
24520,0.5
24551,0.5
24554,0.5
24555,0.5
24558,0.5
24559,0.5
24568,0.5
24575,0.5
24576,0.5
24577,0.5
24584,0.5
24586,0.5
24597,0.5
24602,0.5
24606,0.5
24615,0.5
24624,0.5
24625,0.5
24626,0.5
24629,0.5
24630,0.5
24645,0.5
24646,0.5
24647,0.5
24649,0.5
24656,0.5
24662,0.5
24667,0.5
24674,0.5
24676,0.5
24680,0.5
24682,0.5
24683,0.5
24684,0.5
24688,0.5
24697,0.5
24705,0.5
24708,0.5
24709,0.5
24715,0.5
24724,0.5
24725,0.5
24726,0.5
24727,0.5
24733,0.5
24734,0.5
24735,0.5
24740,0.5
24741,0.5
24745,0.5
24746,0.5
24750,0.5
24759,0.5
24761,0.5
24763,0.5
24774,0.5
24783,0.5
24793,0.5
24794,0.5
24795,0.5
24798,0.5
24803,0.5
24806,0.5
24808,0.5
24816,0.5
24820,0.5
24823,0.5
24827,0.5
24835,0.5
24848,0.5
24850,0.5
24852,0.5
24855,0.5
24856,0.5
24870,0.5
24874,0.5
24875,0.5
24877,0.5
24879,0.5
24882,0.5
24890,0.5
24891,0.5
24900,0.5
24916,0.5
24917,0.5
24920,0.5
24924,0.5
24926,0.5
24927,0.5
24929,0.5
24930,0.5
24945,0.5
24949,0.5
24954,0.5
24974,0.5
24975,0.5
24977,0.5
24979,0.5
24981,0.5
24982,0.5
24984,0.5
24985,0.5
24988,0.5
24992,0.5
24994,0.5
24998,0.5
25000,0.5
