id,default_payment_next_month
5,1
13,0
15,0
17,0
21,0
23,0
29,0
30,0
46,0
57,0
65,0
73,0
75,0
80,1
95,0
100,0
105,1
106,0
111,0
121,0
129,1
131,0
136,1
143,0
146,1
150,0
159,0
160,0
175,0
177,0
179,0
181,0
187,0
190,0
194,0
195,0
197,0
201,0
204,0
205,0
206,0
209,1
211,0
221,0
232,1
239,0
241,1
243,0
244,0
248,0
251,0
253,1
254,0
258,0
259,0
261,0
262,0
263,0
264,0
272,0
275,1
276,0
287,0
295,0
296,0
297,0
300,1
305,0
306,1
313,1
327,1
328,0
334,1
344,0
345,0
350,0
353,0
358,0
360,0
368,0
373,0
379,1
382,0
386,0
412,1
434,0
436,1
437,0
440,0
450,0
459,1
463,0
468,0
470,0
476,0
481,0
485,1
494,0
497,0
498,1
501,0
505,0
506,0
515,1
519,1
522,0
524,0
531,0
536,1
537,0
540,0
544,1
551,1
568,1
569,0
578,1
581,0
582,0
589,1
593,0
596,1
601,0
622,0
631,0
632,1
640,0
641,0
644,0
654,1
660,0
662,0
668,0
672,1
677,0
681,0
686,1
687,0
691,0
692,0
696,0
708,0
711,0
712,1
718,0
727,1
732,0
741,0
745,0
746,1
748,1
757,0
759,0
762,0
770,0
771,1
778,0
787,0
790,0
791,0
799,0
811,0
814,0
820,0
831,0
832,0
833,0
835,0
850,0
851,0
867,1
871,0
872,0
874,0
878,0
879,0
883,0
894,0
895,1
896,0
904,0
905,1
911,0
913,0
920,0
922,0
944,0
948,1
954,0
956,0
959,1
1003,0
1006,0
1007,0
1008,1
1010,0
1017,1
1018,0
1019,1
1021,0
1022,0
1026,0
1027,0
1033,1
1037,0
1041,1
1052,0
1054,0
1056,0
1065,0
1068,0
1075,0
1077,0
1078,0
1082,0
1087,0
1106,0
1107,0
1113,0
1115,0
1116,0
1117,0
1123,0
1125,1
1126,0
1136,0
1145,0
1151,1
1154,0
1159,1
1161,0
1166,0
1168,0
1175,0
1180,1
1184,1
1205,0
1206,0
1213,0
1220,0
1238,0
1243,0
1245,0
1259,0
1268,0
1278,1
1282,0
1283,0
1287,0
1289,1
1291,0
1295,1
1296,0
1297,0
1304,0
1313,0
1314,0
1316,0
1317,0
1320,0
1322,0
1325,1
1331,1
1334,0
1341,1
1350,1
1372,1
1375,0
1376,0
1378,0
1381,0
1392,0
1402,0
1403,0
1413,0
1414,0
1424,0
1429,0
1432,0
1433,0
1434,1
1435,1
1449,0
1451,1
1454,0
1456,1
1460,0
1463,1
1471,0
1472,1
1474,0
1477,0
1478,1
1479,0
1482,0
1484,0
1489,1
1497,0
1498,0
1502,0
1515,1
1517,0
1519,0
1521,0
1523,0
1532,0
1540,0
1557,0
1561,0
1563,1
1570,0
1578,0
1583,0
1597,0
1598,0
1609,0
1610,0
1619,0
1624,0
1628,1
1646,0
1650,0
1659,0
1663,0
1666,0
1677,0
1680,0
1685,1
1686,0
1691,0
1694,0
1695,0
1700,0
1704,0
1715,0
1716,1
1717,1
1726,1
1734,0
1741,0
1742,0
1753,0
1755,1
1763,0
1765,0
1767,0
1771,0
1782,0
1784,0
1786,0
1787,0
1788,0
1796,0
1810,0
1813,0
1820,0
1830,1
1835,0
1837,0
1842,0
1845,0
1849,0
1854,1
1865,1
1869,0
1872,1
1888,0
1906,0
1912,0
1922,1
1926,1
1927,0
1935,0
1939,1
1957,0
1958,1
1961,0
1962,0
1967,0
1970,0
1974,0
1976,0
1986,0
1991,0
1995,1
2002,0
2004,0
2009,0
2011,1
2017,0
2028,0
2038,1
2047,0
2053,0
2059,0
2064,0
2079,0
2081,0
2090,1
2095,0
2099,0
2104,0
2106,0
2107,0
2108,0
2113,0
2117,0
2118,0
2119,0
2127,0
2128,0
2129,0
2133,0
2134,1
2145,1
2146,0
2152,0
2159,0
2163,0
2166,0
2167,0
2170,0
2173,0
2184,0
2189,0
2195,1
2198,0
2218,0
2222,0
2229,0
2230,0
2231,0
2240,0
2250,0
2253,0
2257,1
2258,0
2260,0
2263,0
2265,0
2266,0
2275,0
2278,0
2284,0
2285,0
2299,0
2305,0
2311,0
2322,0
2325,0
2328,0
2330,0
2331,0
2333,1
2336,0
2341,0
2343,0
2362,0
2364,1
2370,0
2374,0
2378,0
2379,0
2381,0
2387,1
2391,0
2398,0
2403,0
2406,0
2431,0
2434,1
2435,0
2436,0
2442,0
2445,0
2446,0
2447,0
2455,0
2456,0
2460,0
2463,0
2466,1
2470,0
2475,0
2476,0
2477,0
2478,0
2482,0
2485,0
2496,0
2499,1
2509,0
2511,0
2522,0
2523,0
2524,1
2529,0
2537,0
2544,1
2546,1
2548,0
2550,0
2552,0
2553,0
2554,1
2556,0
2561,0
2569,0
2575,0
2578,1
2580,1
2581,0
2586,0
2600,1
2601,0
2605,0
2607,1
2611,1
2614,1
2616,0
2617,0
2626,0
2628,1
2631,0
2635,0
2636,0
2637,0
2638,1
2654,0
2658,1
2660,0
2665,0
2671,1
2676,0
2678,1
2680,0
2692,1
2693,0
2694,0
2698,0
2699,0
2703,0
2707,0
2709,1
2714,0
2715,0
2718,1
2723,0
2726,0
2730,0
2736,0
2741,1
2746,1
2750,1
2753,0
2756,0
2760,0
2769,0
2777,1
2778,0
2779,0
2782,0
2792,0
2793,1
2804,0
2807,0
2817,0
2820,0
2823,0
2824,0
2826,0
2827,0
2830,0
2832,1
2833,0
2837,0
2838,1
2851,1
2856,0
2858,0
2865,0
2872,0
2878,1
2886,0
2889,0
2892,1
2908,0
2912,0
2929,0
2930,1
2935,0
2938,0
2943,0
2947,0
2950,0
2959,1
2961,0
2964,1
2965,1
2966,0
2988,1
2996,0
3000,1
3001,0
3010,0
3017,0
3020,0
3022,1
3028,0
3029,0
3032,0
3048,0
3054,0
3055,0
3062,1
3063,1
3066,0
3073,0
3075,0
3076,0
3077,1
3085,1
3087,1
3094,0
3097,1
3111,0
3126,0
3128,1
3131,0
3133,0
3134,0
3135,0
3138,0
3141,0
3145,0
3146,1
3147,0
3153,0
3162,0
3166,0
3176,0
3183,0
3185,0
3186,1
3192,0
3193,1
3196,0
3202,0
3204,1
3206,0
3215,0
3216,0
3217,0
3220,0
3228,0
3249,0
3254,0
3262,0
3268,0
3272,0
3286,0
3291,0
3296,0
3304,0
3310,0
3315,0
3320,1
3329,1
3331,1
3340,0
3341,0
3342,1
3345,0
3348,0
3351,0
3352,0
3360,0
3364,0
3366,0
3371,1
3393,0
3398,1
3405,0
3406,0
3415,1
3423,0
3425,0
3428,0
3436,0
3438,0
3439,0
3445,1
3446,0
3454,1
3471,0
3473,0
3478,0
3488,0
3492,0
3498,0
3500,0
3501,0
3523,0
3528,1
3530,0
3532,0
3534,0
3536,0
3544,1
3545,0
3549,0
3551,0
3553,0
3560,1
3565,0
3572,0
3574,0
3582,0
3594,1
3597,1
3599,0
3605,1
3610,0
3613,0
3619,0
3632,0
3638,1
3639,0
3642,1
3650,0
3652,1
3658,0
3664,0
3667,0
3669,0
3679,0
3683,0
3686,0
3690,0
3695,0
3707,1
3716,0
3721,1
3723,0
3743,0
3744,0
3746,0
3749,1
3753,0
3771,1
3773,1
3786,1
3792,0
3796,0
3807,0
3808,0
3810,0
3815,0
3817,0
3819,1
3821,0
3824,0
3835,0
3837,1
3843,0
3852,0
3859,1
3864,0
3866,0
3870,0
3871,0
3872,1
3877,1
3887,0
3894,1
3898,0
3911,0
3912,0
3925,0
3926,0
3930,0
3940,1
3942,1
3946,0
3947,1
3952,0
3958,0
3959,0
3968,0
3971,0
3975,0
3983,0
3996,1
3997,0
4004,0
4007,0
4027,1
4040,0
4043,0
4048,0
4060,0
4063,0
4064,0
4072,0
4079,0
4080,0
4085,0
4087,0
4093,0
4095,0
4102,0
4103,1
4106,1
4109,0
4115,0
4136,1
4140,0
4144,0
4152,0
4154,0
4157,0
4162,1
4172,0
4175,1
4177,0
4185,1
4187,1
4191,0
4194,0
4195,0
4203,1
4205,0
4206,0
4214,1
4215,0
4216,0
4218,1
4225,0
4231,0
4232,0
4245,0
4246,0
4249,0
4257,1
4258,0
4262,0
4263,1
4271,0
4273,0
4279,0
4282,0
4287,0
4292,1
4294,0
4312,0
4313,0
4319,0
4328,1
4330,0
4335,0
4336,1
4339,0
4344,0
4349,0
4350,0
4356,0
4360,0
4362,1
4367,0
4368,0
4369,0
4370,1
4388,0
4399,0
4402,0
4403,0
4407,1
4409,0
4417,0
4423,0
4428,0
4433,0
4440,0
4443,0
4444,1
4446,0
4449,0
4463,1
4467,0
4470,1
4476,0
4493,1
4494,0
4495,0
4507,1
4508,0
4514,0
4544,0
4550,0
4553,1
4570,0
4572,0
4573,0
4576,0
4580,0
4581,0
4585,0
4589,0
4590,1
4592,1
4611,0
4615,0
4626,1
4629,0
4634,0
4643,0
4644,0
4647,0
4658,0
4663,1
4664,1
4673,0
4678,0
4679,0
4680,0
4688,0
4690,0
4692,0
4693,0
4694,0
4696,0
4700,0
4706,0
4717,0
4718,0
4719,1
4723,0
4730,0
4732,0
4734,1
4740,0
4744,0
4755,0
4760,0
4763,0
4772,0
4778,0
4779,0
4782,0
4785,0
4789,0
4790,1
4795,1
4796,0
4797,0
4801,1
4802,0
4807,1
4810,0
4813,0
4814,1
4816,0
4817,0
4825,0
4828,0
4832,0
4834,0
4839,0
4840,1
4844,0
4848,0
4861,1
4875,0
4893,0
4899,0
4901,1
4906,0
4907,0
4909,0
4910,0
4911,0
4913,0
4915,1
4918,0
4929,0
4930,0
4933,0
4935,0
4937,0
4947,0
4957,0
4958,0
4962,0
4974,0
4975,0
4978,0
4980,0
4995,1
5009,0
5019,0
5020,0
5026,0
5032,0
5034,0
5044,0
5051,0
5053,0
5065,0
5076,0
5082,0
5085,1
5088,0
5098,0
5109,0
5114,0
5127,0
5130,1
5134,0
5147,0
5149,0
5159,0
5164,0
5167,0
5168,0
5170,1
5171,0
5177,0
5179,0
5188,0
5214,1
5226,1
5228,1
5229,0
5241,1
5243,1
5244,0
5247,0
5248,1
5254,0
5256,0
5261,1
5272,1
5277,0
5279,1
5280,0
5288,1
5289,0
5294,0
5297,0
5299,1
5314,0
5317,0
5320,0
5321,1
5326,0
5332,0
5345,1
5346,0
5348,0
5351,1
5353,0
5356,0
5364,0
5366,0
5372,1
5373,1
5387,1
5388,1
5390,0
5397,0
5401,0
5402,0
5412,0
5416,0
5417,0
5418,0
5433,1
5440,0
5447,1
5454,0
5462,0
5470,0
5478,0
5498,0
5502,1
5507,0
5512,0
5522,0
5525,0
5536,0
5542,1
5543,0
5547,0
5561,0
5569,0
5571,1
5577,1
5590,0
5598,1
5603,0
5604,0
5606,0
5607,0
5609,0
5613,1
5616,0
5617,0
5627,0
5629,1
5631,0
5635,0
5641,0
5650,0
5653,1
5663,0
5665,0
5680,0
5683,0
5684,0
5690,0
5691,0
5692,0
5697,0
5702,0
5705,0
5707,1
5708,0
5719,0
5720,0
5724,0
5727,0
5733,1
5735,0
5740,0
5748,1
5750,1
5756,0
5770,0
5771,0
5772,0
5773,0
5774,0
5776,0
5780,0
5801,0
5810,1
5811,0
5821,0
5830,0
5836,0
5837,0
5838,0
5839,1
5851,1
5852,0
5854,0
5856,0
5863,0
5867,0
5878,0
5885,0
5891,1
5896,0
5900,0
5904,0
5917,0
5918,0
5921,0
5922,0
5930,0
5933,1
5940,0
5945,0
5948,1
5953,0
5958,0
5960,0
5968,0
5970,0
5972,1
5974,0
5981,0
5985,0
5986,1
5990,0
5993,0
5994,0
5998,0
6000,0
6020,0
6028,0
6030,1
6036,0
6047,0
6054,0
6056,1
6065,1
6066,0
6067,0
6068,0
6072,0
6075,0
6076,0
6077,0
6085,0
6089,0
6099,0
6101,1
6103,0
6104,0
6114,0
6121,0
6122,0
6125,0
6136,0
6141,0
6142,0
6144,0
6145,0
6148,1
6151,0
6152,0
6153,0
6157,0
6165,1
6175,0
6186,1
6187,1
6188,0
6196,0
6198,0
6202,0
6208,0
6213,1
6217,0
6218,0
6219,0
6221,0
6222,0
6241,1
6245,0
6246,1
6248,0
6256,0
6266,0
6270,0
6273,0
6279,1
6289,0
6291,0
6296,0
6297,1
6312,0
6322,0
6325,0
6330,0
6332,0
6333,0
6334,0
6345,0
6348,0
6350,1
6355,1
6356,0
6359,0
6362,0
6363,0
6368,0
6382,0
6383,0
6394,0
6395,0
6402,0
6412,0
6418,0
6419,0
6433,1
6434,0
6445,0
6450,0
6452,0
6464,0
6465,0
6467,0
6468,0
6469,0
6474,0
6487,1
6491,0
6493,0
6496,0
6504,1
6505,0
6506,1
6507,0
6508,1
6519,0
6526,1
6531,0
6532,0
6533,0
6537,0
6538,0
6549,0
6555,1
6556,0
6559,0
6561,0
6568,0
6569,0
6574,0
6579,0
6586,1
6597,1
6600,0
6606,0
6609,0
6619,1
6621,0
6622,0
6623,0
6631,0
6635,0
6674,0
6677,1
6692,0
6693,0
6699,0
6700,0
6702,0
6705,0
6706,0
6714,1
6716,0
6718,0
6719,1
6726,0
6729,0
6731,0
6753,0
6755,1
6762,0
6764,0
6767,0
6769,1
6776,0
6783,0
6786,0
6793,0
6798,0
6799,0
6801,1
6814,0
6815,0
6828,0
6833,0
6843,0
6848,0
6856,0
6866,1
6871,1
6872,0
6877,0
6880,0
6881,0
6887,1
6896,0
6901,0
6915,1
6922,0
6924,0
6931,0
6944,0
6950,0
6953,0
6954,0
6957,0
6961,0
6963,1
6965,0
6966,1
6967,0
6969,0
6971,1
6973,0
6975,0
6977,0
6990,1
6991,0
7000,0
7006,0
7007,0
7015,0
7019,0
7020,1
7021,0
7024,0
7025,1
7027,0
7033,0
7034,1
7038,0
7053,0
7063,1
7064,0
7065,1
7078,0
7085,0
7086,1
7089,1
7092,0
7096,0
7099,1
7101,0
7117,0
7123,0
7130,1
7131,0
7133,0
7136,0
7150,1
7151,0
7155,0
7159,0
7161,0
7171,0
7196,1
7197,0
7200,0
7202,0
7204,0
7211,1
7215,0
7217,0
7227,0
7235,0
7236,0
7247,0
7248,0
7255,0
7262,0
7267,1
7271,0
7275,0
7284,0
7290,0
7293,0
7294,0
7299,0
7304,0
7314,0
7321,1
7327,0
7329,1
7330,0
7333,0
7335,1
7337,1
7351,0
7353,1
7359,0
7360,0
7365,0
7367,0
7369,0
7370,0
7373,0
7375,0
7378,1
7394,0
7396,0
7400,0
7404,1
7407,0
7410,0
7416,0
7419,0
7421,0
7422,1
7427,0
7431,0
7437,1
7439,0
7441,0
7445,1
7450,0
7459,0
7466,1
7467,0
7472,1
7484,0
7488,0
7502,0
7514,1
7515,0
7516,1
7523,0
7531,0
7536,0
7544,0
7546,0
7547,0
7550,0
7551,1
7557,0
7562,0
7565,0
7569,0
7589,0
7598,0
7606,0
7609,0
7614,0
7617,0
7620,0
7632,0
7641,1
7647,0
7653,0
7661,0
7663,0
7665,0
7667,0
7678,0
7693,0
7703,0
7715,0
7719,0
7721,0
7727,0
7731,0
7732,0
7736,0
7739,1
7752,1
7753,0
7778,0
7787,0
7790,0
7795,1
7798,0
7801,0
7812,1
7813,1
7816,1
7825,0
7830,0
7831,0
7833,0
7840,1
7849,1
7850,0
7853,0
7855,0
7856,1
7857,1
7859,0
7867,1
7869,0
7874,0
7875,0
7881,0
7885,0
7890,0
7893,0
7894,0
7898,1
7910,0
7911,0
7920,0
7933,1
7940,0
7950,1
7952,0
7954,0
7965,0
7970,0
7974,0
7976,0
7978,1
7980,0
7981,0
7992,0
7996,0
7998,0
8003,1
8005,0
8006,0
8010,1
8011,0
8013,1
8017,0
8021,0
8023,1
8027,0
8035,0
8041,0
8043,1
8051,0
8052,0
8053,0
8054,0
8061,0
8062,0
8067,0
8071,0
8076,0
8077,0
8084,1
8088,1
8089,1
8096,0
8102,0
8104,1
8108,0
8112,0
8115,0
8122,1
8125,1
8126,0
8131,0
8133,0
8135,0
8145,0
8147,0
8149,0
8155,0
8156,1
8158,0
8160,1
8181,0
8183,0
8192,1
8193,0
8196,0
8198,0
8201,1
8205,0
8210,0
8216,0
8221,0
8223,1
8224,0
8231,0
8234,0
8238,0
8239,0
8243,0
8251,0
8262,1
8263,0
8267,0
8270,0
8276,0
8279,1
8285,1
8287,0
8294,0
8300,0
8320,0
8323,0
8328,0
8344,0
8349,0
8357,0
8359,1
8360,0
8364,0
8365,0
8366,0
8368,1
8375,0
8387,1
8388,0
8389,0
8390,0
8398,0
8403,0
8410,0
8415,0
8420,0
8424,0
8427,0
8429,0
8452,1
8456,0
8460,0
8462,1
8463,0
8478,1
8479,0
8493,0
8496,0
8499,0
8500,0
8502,1
8504,0
8515,0
8518,0
8539,0
8544,0
8553,0
8563,0
8569,0
8571,1
8574,0
8576,1
8582,0
8588,0
8595,0
8596,0
8603,1
8607,1
8610,0
8614,1
8617,0
8618,0
8619,0
8640,1
8649,0
8652,0
8656,1
8657,0
8664,0
8673,0
8689,0
8692,0
8694,0
8696,1
8698,1
8705,0
8707,0
8713,0
8714,0
8718,0
8723,0
8725,1
8736,0
8738,1
8745,1
8762,0
8764,1
8765,1
8774,1
8783,0
8792,0
8794,0
8803,0
8804,0
8815,0
8816,0
8820,0
8828,0
8834,0
8841,0
8843,0
8852,0
8867,0
8870,0
8872,0
8873,1
8874,1
8880,0
8893,0
8900,0
8903,0
8906,0
8907,0
8908,0
8913,0
8918,0
8919,0
8920,0
8928,1
8929,0
8930,0
8931,0
8942,0
8951,0
8952,0
8956,0
8957,0
8958,0
8961,1
8968,0
8976,0
8978,0
8987,0
8997,0
9000,1
9001,0
9012,0
9016,0
9017,0
9019,0
9027,0
9033,0
9035,0
9040,1
9046,0
9049,1
9050,0
9052,0
9054,0
9070,0
9075,0
9076,1
9087,0
9095,0
9098,0
9100,0
9103,0
9104,0
9109,0
9116,0
9117,1
9121,0
9132,0
9136,0
9139,0
9142,0
9144,0
9146,1
9148,0
9151,0
9155,0
9156,0
9172,0
9177,0
9178,0
9180,0
9184,0
9187,0
9191,1
9192,0
9195,1
9205,0
9207,0
9217,0
9219,1
9225,0
9235,0
9242,0
9250,0
9254,0
9255,0
9260,1
9265,1
9270,0
9273,0
9281,0
9282,0
9285,0
9288,0
9293,0
9309,0
9313,0
9316,0
9317,0
9319,0
9330,0
9338,0
9339,0
9341,0
9350,1
9360,0
9369,0
9372,0
9374,0
9379,0
9381,0
9383,1
9385,0
9386,1
9389,0
9393,0
9397,0
9400,0
9404,1
9406,0
9432,0
9436,0
9440,0
9445,1
9447,0
9463,1
9468,0
9472,0
9476,0
9478,0
9479,0
9485,0
9489,0
9492,0
9509,0
9519,0
9527,0
9541,0
9555,0
9560,0
9569,0
9572,0
9579,1
9603,0
9605,0
9614,0
9620,0
9636,0
9637,0
9649,0
9660,0
9661,0
9665,0
9674,1
9677,0
9680,1
9681,0
9687,1
9693,0
9702,0
9703,0
9705,0
9711,1
9713,1
9716,0
9720,1
9724,0
9725,0
9732,0
9733,0
9734,0
9736,1
9739,0
9751,1
9752,0
9761,1
9771,0
9772,0
9782,0
9790,0
9792,0
9794,1
9810,0
9811,0
9817,0
9824,0
9837,0
9842,0
9855,0
9856,1
9861,1
9864,0
9868,0
9888,0
9889,0
9894,0
9900,1
9903,1
9904,1
9918,0
9921,0
9928,1
9932,1
9935,1
9936,1
9943,0
9945,0
9951,0
9954,0
9956,0
9960,1
9977,0
9978,0
9988,0
9989,0
9991,0
9995,0
9997,0
10004,0
10010,0
10013,0
10016,0
10019,1
10033,0
10034,1
10037,0
10039,0
10045,0
10054,1
10062,0
10065,0
10073,1
10086,1
10087,1
10091,1
10096,0
10109,0
10113,1
10121,0
10126,0
10154,0
10155,1
10157,0
10164,0
10172,0
10175,0
10179,1
10183,0
10184,0
10202,0
10205,1
10209,0
10213,0
10220,0
10228,0
10230,1
10232,0
10234,0
10238,0
10239,0
10240,0
10243,0
10244,0
10245,1
10247,1
10248,0
10250,1
10252,0
10253,0
10254,0
10255,1
10257,0
10259,1
10260,0
10262,1
10269,1
10279,0
10281,0
10285,1
10289,0
10301,1
10302,0
10305,0
10308,0
10312,0
10319,1
10325,0
10328,1
10329,0
10335,0
10346,0
10348,1
10349,0
10354,0
10359,0
10365,0
10380,0
10389,0
10406,0
10408,0
10414,1
10418,0
10425,0
10432,0
10435,0
10446,0
10454,1
10455,0
10457,0
10459,0
10463,0
10470,0
10473,1
10474,0
10485,1
10487,0
10488,0
10491,0
10492,1
10496,0
10507,1
10510,0
10513,1
10517,1
10528,0
10532,1
10534,0
10541,0
10543,0
10560,0
10564,0
10566,0
10569,0
10574,0
10580,1
10586,0
10587,0
10596,0
10604,0
10605,0
10611,0
10624,0
10626,0
10627,1
10631,1
10638,0
10663,0
10664,0
10668,0
10669,0
10672,0
10673,1
10679,0
10682,0
10686,0
10690,0
10691,1
10692,0
10695,0
10699,0
10701,0
10705,0
10707,1
10710,0
10713,0
10716,1
10726,0
10727,1
10728,0
10735,0
10740,0
10772,0
10775,0
10785,0
10803,0
10820,0
10822,0
10823,0
10829,0
10832,0
10835,0
10845,0
10848,0
10862,0
10865,0
10869,0
10871,0
10875,0
10879,0
10882,1
10896,1
10898,0
10902,1
10907,0
10913,0
10914,0
10926,0
10933,0
10937,1
10945,1
10946,0
10951,0
10953,0
10967,0
10968,1
10969,0
10970,0
10974,0
10976,0
10977,0
10984,0
10990,0
10991,1
10992,0
10999,0
11005,0
11006,1
11008,0
11010,0
11012,0
11025,0
11028,0
11038,0
11042,0
11076,0
11079,1
11081,1
11082,0
11083,1
11091,0
11094,0
11103,0
11107,0
11111,0
11114,0
11115,1
11116,1
11120,0
11134,0
11136,1
11138,1
11141,0
11143,0
11148,0
11156,0
11157,0
11174,0
11178,0
11179,0
11180,1
11181,0
11185,0
11188,0
11189,0
11193,0
11194,0
11215,0
11216,1
11238,0
11239,0
11241,0
11244,0
11249,0
11260,0
11263,0
11280,0
11281,0
11286,0
11288,1
11291,1
11293,0
11296,0
11301,0
11302,0
11310,0
11314,0
11323,0
11348,0
11349,0
11366,0
11369,0
11375,0
11376,0
11400,1
11406,0
11415,0
11418,0
11420,1
11424,1
11434,0
11435,0
11443,0
11452,0
11453,0
11456,1
11457,0
11461,0
11473,0
11484,0
11493,0
11505,1
11517,0
11518,1
11532,1
11543,0
11545,1
11547,0
11548,0
11559,0
11567,1
11568,1
11571,0
11573,0
11576,1
11580,0
11582,0
11583,0
11586,1
11587,0
11588,0
11599,0
11602,0
11603,0
11621,1
11623,0
11627,1
11645,0
11650,0
11652,0
11656,0
11664,0
11666,0
11667,0
11668,0
11673,0
11678,0
11686,0
11694,0
11698,0
11699,0
11703,0
11706,0
11709,0
11713,1
11714,1
11715,1
11717,0
11724,0
11731,0
11735,0
11736,0
11741,0
11754,0
11760,0
11766,0
11776,0
11785,0
11788,0
11799,0
11800,1
11804,0
11807,0
11811,1
11829,0
11832,0
11835,0
11836,0
11838,0
11839,0
11840,0
11853,1
11855,0
11860,1
11866,0
11868,1
11870,1
11873,0
11881,0
11909,0
11923,0
11933,0
11936,0
11940,0
11950,1
11951,0
11957,1
11963,1
11964,0
11975,0
11977,0
11990,0
11992,0
11995,0
12002,0
12007,0
12009,0
12014,0
12019,1
12020,0
12023,0
12039,1
12051,0
12052,0
12056,0
12067,1
12075,0
12076,1
12081,1
12107,0
12115,1
12118,1
12132,0
12133,0
12139,0
12144,0
12151,0
12167,0
12175,0
12180,0
12183,0
12184,0
12196,1
12206,0
12207,1
12208,1
12213,0
12216,0
12222,0
12229,0
12238,1
12240,1
12241,0
12244,0
12245,0
12248,0
12250,0
12251,0
12256,0
12263,0
12271,0
12284,0
12290,0
12291,0
12305,0
12313,0
12319,0
12321,0
12322,0
12326,0
12327,0
12330,1
12332,0
12337,0
12341,0
12351,0
12374,1
12386,1
12388,0
12389,1
12394,0
12403,0
12404,0
12408,0
12409,0
12413,1
12422,0
12425,0
12427,0
12448,1
12451,0
12454,0
12457,0
12461,1
12469,0
12488,0
12489,0
12516,0
12526,0
12530,0
12534,0
12544,0
12549,1
12556,0
12557,0
12558,0
12559,0
12560,0
12562,0
12565,1
12582,0
12588,0
12592,1
12596,0
12598,1
12600,0
12602,0
12620,1
12622,1
12629,0
12633,0
12636,0
12648,1
12651,0
12652,0
12657,0
12658,1
12661,1
12671,0
12677,0
12685,0
12691,0
12692,0
12699,0
12700,0
12705,0
12709,0
12710,1
12712,0
12713,0
12728,0
12735,0
12737,1
12741,0
12742,0
12743,0
12746,1
12747,0
12750,0
12751,0
12752,0
12755,0
12784,0
12787,1
12793,1
12794,0
12799,0
12804,0
12815,0
12822,1
12834,0
12845,0
12849,1
12853,0
12874,0
12875,0
12876,0
12884,1
12893,0
12911,0
12919,0
12927,0
12931,1
12932,0
12935,0
12937,0
12941,1
12948,0
12956,0
12960,0
12961,0
12966,1
12968,0
12976,0
12978,1
12982,1
12984,0
12990,0
12991,0
12993,0
12994,0
13002,0
13006,0
13013,0
13029,0
13030,1
13031,0
13040,0
13044,0
13046,0
13049,0
13051,0
13054,1
13055,1
13064,0
13067,0
13075,0
13083,0
13086,1
13088,0
13090,0
13091,0
13092,0
13093,0
13094,0
13096,0
13103,0
13105,1
13106,1
13111,0
13115,0
13117,0
13128,0
13131,0
13134,0
13138,0
13148,0
13151,0
13157,0
13161,0
13162,1
13170,0
13180,0
13189,0
13191,1
13195,0
13206,0
13212,0
13222,0
13232,0
13239,1
13240,0
13257,1
13261,1
13264,0
13270,0
13276,0
13277,0
13281,1
13284,0
13294,0
13297,0
13298,0
13302,0
13303,1
13306,0
13314,0
13319,0
13340,0
13343,0
13348,1
13359,0
13360,0
13366,1
13369,0
13373,1
13376,1
13377,0
13378,0
13380,1
13382,0
13391,1
13402,0
13410,0
13412,1
13425,0
13434,0
13436,0
13438,0
13442,0
13455,1
13460,1
13463,0
13468,0
13479,0
13481,0
13482,0
13487,0
13493,1
13497,0
13500,0
13506,1
13516,1
13517,0
13518,0
13519,0
13523,0
13527,1
13529,0
13540,0
13550,1
13551,0
13564,0
13565,0
13568,0
13569,0
13573,0
13576,0
13584,0
13586,0
13588,0
13590,1
13593,0
13596,0
13599,1
13602,1
13604,0
13609,0
13611,0
13614,0
13615,0
13617,0
13626,0
13630,1
13633,0
13634,1
13647,0
13648,0
13657,1
13659,0
13660,0
13667,0
13668,1
13670,0
13674,0
13676,0
13684,0
13685,1
13689,0
13698,0
13707,0
13712,0
13719,0
13723,1
13725,0
13728,0
13730,1
13740,0
13742,0
13743,0
13746,0
13751,0
13753,0
13767,0
13769,0
13772,1
13774,0
13778,0
13782,1
13784,0
13785,0
13788,1
13793,0
13803,0
13804,0
13805,0
13809,0
13810,0
13814,1
13815,1
13816,0
13820,1
13821,0
13823,0
13825,0
13826,0
13828,0
13848,0
13851,0
13852,1
13862,0
13866,0
13867,0
13868,1
13869,0
13873,0
13883,1
13884,0
13893,0
13896,0
13907,0
13908,0
13913,0
13918,0
13919,1
13921,0
13922,0
13925,1
13926,0
13927,1
13933,1
13934,0
13941,0
13944,0
13946,0
13949,0
13950,0
13961,0
13968,0
13970,0
13976,0
13981,0
13988,1
13992,0
13995,1
13998,1
14002,0
14006,0
14011,0
14025,0
14028,0
14031,0
14033,0
14057,1
14065,1
14074,0
14086,0
14087,0
14088,0
14093,1
14100,0
14101,0
14109,0
14111,0
14119,0
14123,0
14127,0
14131,0
14135,0
14136,0
14138,0
14142,1
14152,0
14159,0
14160,0
14167,0
14168,0
14171,0
14174,0
14180,1
14188,0
14196,0
14207,1
14211,0
14222,1
14228,1
14237,0
14241,0
14253,0
14262,0
14267,0
14270,0
14271,0
14275,0
14281,0
14285,0
14288,0
14295,0
14297,0
14303,0
14307,0
14310,1
14326,0
14331,0
14333,0
14334,0
14337,1
14342,0
14349,0
14351,1
14352,0
14356,0
14357,0
14358,0
14360,0
14371,0
14373,0
14378,0
14384,0
14385,1
14402,0
14405,0
14408,0
14423,1
14438,1
14439,1
14442,0
14449,0
14455,1
14456,0
14458,1
14464,0
14467,0
14474,1
14475,0
14476,0
14477,0
14484,1
14487,1
14489,0
14499,0
14500,0
14503,0
14518,0
14522,1
14526,0
14527,0
14533,0
14534,0
14536,0
14538,0
14541,0
14563,0
14565,0
14573,0
14574,1
14576,0
14583,0
14604,1
14606,0
14607,0
14617,0
14618,0
14629,0
14630,0
14631,0
14639,0
14644,0
14647,1
14651,1
14652,0
14665,0
14670,0
14671,0
14674,0
14682,0
14684,1
14688,0
14690,0
14695,1
14697,0
14702,0
14706,0
14707,1
14708,1
14711,0
14719,0
14744,1
14746,0
14751,0
14754,0
14756,0
14758,0
14760,0
14767,0
14770,0
14771,0
14774,1
14776,1
14782,0
14785,0
14788,1
14791,0
14797,0
14801,1
14809,0
14814,0
14815,0
14817,1
14834,1
14836,0
14838,0
14839,0
14842,0
14845,0
14853,0
14855,1
14857,1
14858,0
14862,1
14869,0
14870,0
14874,0
14875,0
14877,0
14880,0
14882,0
14898,0
14901,0
14906,0
14907,1
14915,0
14916,0
14920,1
14922,0
14925,0
14930,0
14938,0
14945,0
14950,0
14955,0
14961,1
14962,1
14978,0
14980,1
14981,0
14983,0
14990,0
14996,0
14997,1
15002,0
15005,1
15007,0
15014,0
15018,0
15037,0
15038,1
15039,0
15044,0
15046,1
15052,0
15053,0
15055,1
15057,0
15058,0
15063,0
15070,0
15073,0
15081,0
15082,0
15088,0
15093,0
15109,1
15115,0
15116,0
15117,0
15123,0
15129,0
15136,0
15137,0
15141,0
15153,0
15159,0
15162,0
15166,0
15175,0
15180,0
15187,1
15192,0
15196,0
15204,1
15206,0
15216,0
15219,0
15222,0
15226,0
15232,0
15234,0
15238,1
15239,0
15250,0
15253,0
15255,0
15259,0
15267,0
15269,1
15271,0
15272,0
15274,0
15277,0
15281,0
15283,0
15285,0
15288,1
15304,0
15308,1
15310,0
15325,1
15332,0
15342,0
15344,0
15347,1
15353,0
15359,0
15362,0
15368,1
15372,0
15373,0
15378,0
15379,0
15383,0
15385,0
15386,0
15387,0
15390,0
15393,1
15394,0
15395,1
15400,0
15402,1
15404,0
15407,1
15410,0
15411,0
15432,1
15437,0
15440,0
15455,0
15458,0
15471,0
15473,0
15480,0
15482,1
15485,1
15491,1
15502,1
15503,0
15504,0
15507,0
15509,0
15510,0
15513,0
15528,1
15535,0
15538,1
15540,1
15546,0
15552,1
15554,0
15561,0
15562,0
15563,0
15566,0
15573,0
15575,0
15576,0
15581,1
15589,0
15592,0
15595,1
15597,0
15611,0
15615,0
15617,0
15632,0
15633,0
15635,0
15639,0
15641,0
15642,1
15645,1
15648,0
15654,0
15662,0
15663,0
15665,1
15666,1
15672,0
15674,0
15677,0
15679,0
15683,0
15685,0
15687,0
15703,0
15705,0
15706,1
15708,0
15714,0
15716,0
15730,0
15733,1
15735,1
15739,1
15748,0
15750,0
15752,0
15754,0
15760,1
15765,1
15776,0
15779,0
15781,0
15782,1
15783,0
15787,0
15789,0
15794,1
15795,0
15806,0
15809,0
15827,0
15833,1
15838,1
15839,0
15840,0
15849,0
15855,0
15860,1
15861,0
15870,0
15876,0
15877,0
15878,0
15880,0
15886,0
15887,0
15888,0
15889,1
15899,0
15902,0
15903,1
15916,1
15917,0
15918,0
15924,0
15926,1
15940,0
15954,0
15962,1
15966,0
15972,0
15984,0
15986,0
15988,0
15992,0
15995,1
16000,0
16008,1
16031,0
16032,1
16033,0
16037,0
16051,0
16053,0
16055,0
16061,0
16062,0
16071,1
16074,0
16086,1
16089,1
16090,0
16093,0
16095,0
16098,0
16100,0
16106,0
16117,1
16137,0
16145,0
16147,0
16161,1
16162,1
16187,0
16194,0
16195,1
16203,0
16207,0
16210,0
16216,0
16217,1
16218,0
16219,0
16222,0
16224,0
16231,0
16240,1
16245,1
16247,0
16258,1
16269,0
16271,0
16276,1
16278,0
16282,0
16283,0
16285,0
16292,1
16299,0
16310,0
16311,0
16323,0
16324,0
16326,0
16329,0
16330,1
16333,0
16334,0
16343,0
16346,1
16351,0
16358,0
16359,0
16365,0
16366,1
16368,1
16372,0
16373,0
16376,1
16379,1
16382,0
16386,0
16393,0
16395,0
16400,0
16415,0
16421,0
16424,0
16427,0
16431,0
16432,0
16435,0
16443,0
16448,1
16454,0
16464,1
16470,0
16472,1
16476,0
16480,0
16486,1
16488,0
16489,0
16500,0
16501,1
16502,1
16511,0
16516,0
16526,0
16534,1
16538,0
16539,0
16540,0
16544,1
16555,0
16556,0
16558,0
16560,0
16564,0
16565,0
16571,0
16575,0
16583,1
16584,0
16586,0
16599,0
16601,0
16602,0
16605,0
16606,0
16609,0
16623,0
16634,0
16640,0
16643,0
16647,0
16652,0
16657,0
16662,0
16672,0
16674,0
16680,0
16684,0
16686,1
16687,0
16696,0
16698,0
16702,1
16703,0
16708,0
16709,0
16712,1
16716,0
16718,0
16721,0
16725,1
16734,1
16737,0
16754,0
16760,1
16761,0
16762,0
16776,0
16777,0
16780,1
16783,0
16784,0
16792,0
16804,0
16806,0
16809,0
16813,0
16817,0
16824,0
16830,0
16858,0
16861,0
16862,1
16871,0
16872,1
16877,0
16882,0
16883,1
16887,0
16891,0
16893,1
16902,0
16910,0
16912,1
16915,0
16925,0
16942,0
16947,0
16954,0
16962,0
16963,0
16964,0
16972,0
16984,0
17000,1
17006,0
17011,0
17016,0
17018,0
17022,0
17026,0
17030,0
17032,0
17042,0
17046,1
17060,0
17063,0
17065,1
17077,0
17079,1
17088,0
17090,0
17092,0
17094,0
17110,1
17111,1
17114,0
17118,1
17142,0
17143,0
17148,0
17149,0
17157,0
17159,0
17168,0
17181,0
17197,0
17202,0
17214,0
17215,0
17222,0
17229,0
17233,0
17237,0
17239,1
17240,0
17242,0
17244,1
17247,0
17251,0
17253,0
17261,0
17268,0
17275,1
17276,0
17277,0
17290,0
17297,0
17298,0
17304,0
17308,1
17310,0
17316,0
17325,1
17333,1
17337,0
17342,0
17350,1
17352,1
17353,0
17356,0
17366,0
17367,0
17371,0
17379,0
17382,0
17386,0
17394,1
17396,0
17398,0
17401,1
17404,0
17410,0
17411,1
17422,0
17432,1
17433,0
17436,0
17439,0
17451,0
17453,1
17457,1
17460,0
17461,0
17466,0
17475,0
17477,0
17484,0
17494,1
17498,0
17500,0
17507,1
17509,0
17518,0
17522,0
17524,1
17532,0
17533,0
17534,0
17542,0
17549,0
17550,0
17552,1
17556,1
17563,0
17565,1
17572,0
17575,0
17576,1
17583,0
17596,0
17602,0
17605,0
17616,1
17618,0
17623,0
17637,0
17639,0
17641,0
17645,1
17650,0
17655,0
17656,0
17658,0
17660,0
17663,0
17664,0
17665,1
17667,0
17671,1
17673,1
17675,1
17682,1
17686,0
17691,1
17700,0
17701,0
17703,0
17708,0
17711,0
17718,0
17725,0
17730,0
17731,1
17732,0
17733,0
17738,0
17739,0
17751,0
17752,0
17755,0
17767,0
17768,0
17771,0
17775,0
17781,0
17796,0
17802,0
17807,0
17817,0
17820,1
17822,0
17828,0
17830,0
17838,0
17839,0
17844,0
17848,0
17855,1
17859,0
17870,1
17871,1
17877,0
17880,0
17899,0
17902,0
17905,0
17906,0
17911,0
17912,0
17913,0
17919,0
17922,0
17926,0
17927,0
17936,0
17943,0
17944,1
17946,0
17949,0
17952,0
17968,0
17969,0
17975,0
17976,0
17982,0
17984,0
17987,0
17988,1
17998,1
18002,0
18010,0
18012,0
18018,0
18019,0
18024,1
18039,1
18040,1
18053,0
18055,0
18056,1
18065,0
18068,1
18069,0
18072,0
18074,0
18083,1
18090,1
18091,0
18092,0
18097,0
18102,0
18107,1
18108,0
18115,0
18118,0
18121,0
18128,0
18130,0
18132,0
18136,0
18138,0
18150,0
18158,1
18167,0
18171,1
18177,0
18178,0
18186,0
18188,0
18189,0
18192,1
18207,0
18210,0
18211,0
18212,0
18214,1
18216,0
18217,0
18226,0
18236,1
18244,1
18247,0
18254,0
18269,0
18272,0
18280,0
18282,0
18286,0
18288,0
18294,0
18295,0
18298,0
18299,1
18300,0
18301,0
18305,0
18306,1
18308,1
18321,0
18326,0
18338,0
18340,0
18347,0
18353,0
18354,0
18359,0
18366,0
18367,0
18372,1
18378,0
18387,1
18390,0
18391,0
18392,0
18393,0
18394,1
18396,0
18401,0
18402,0
18406,0
18416,0
18417,0
18430,0
18439,1
18440,0
18444,1
18471,0
18478,0
18489,0
18491,0
18497,0
18500,0
18506,0
18509,0
18511,0
18512,0
18523,0
18543,0
18557,0
18558,0
18559,0
18563,0
18566,0
18568,0
18570,1
18573,0
18577,1
18578,0
18595,1
18598,0
18606,0
18608,0
18621,1
18625,0
18626,0
18632,0
18636,0
18639,0
18641,0
18644,0
18656,0
18662,1
18663,0
18675,0
18690,0
18694,0
18698,0
18702,0
18704,0
18705,0
18709,0
18719,0
18720,0
18723,0
18727,0
18729,1
18730,0
18731,0
18734,0
18735,0
18737,0
18740,0
18741,0
18743,1
18749,1
18762,0
18766,1
18769,0
18772,0
18773,0
18776,0
18784,0
18786,0
18811,0
18820,0
18828,1
18831,0
18833,0
18844,0
18847,0
18848,0
18876,0
18881,0
18883,0
18894,1
18895,0
18906,1
18918,0
18923,0
18936,0
18941,1
18953,0
18958,1
18965,0
18967,0
18972,0
18980,1
19005,1
19016,0
19018,0
19022,0
19026,1
19036,0
19049,0
19051,0
19056,0
19057,0
19061,1
19062,0
19072,0
19074,0
19082,0
19087,0
19091,0
19103,0
19110,1
19115,0
19117,0
19118,0
19141,0
19142,0
19150,0
19154,0
19158,0
19168,1
19174,1
19179,0
19180,1
19188,0
19191,1
19195,0
19202,0
19209,0
19215,1
19219,1
19221,0
19222,1
19223,0
19231,0
19243,1
19252,0
19261,1
19273,1
19283,0
19289,1
19294,1
19302,0
19325,0
19328,1
19340,0
19342,0
19343,0
19345,0
19350,1
19352,0
19354,1
19358,1
19360,0
19379,1
19381,0
19382,1
19387,0
19391,1
19393,1
19396,0
19397,0
19399,0
19401,1
19407,0
19413,0
19417,0
19418,0
19419,0
19422,1
19430,1
19432,0
19438,0
19443,0
19451,1
19452,1
19454,0
19459,1
19460,1
19470,0
19492,0
19493,1
19501,0
19503,0
19507,0
19509,0
19514,0
19517,1
19520,0
19529,0
19531,0
19534,0
19543,0
19544,1
19548,1
19551,0
19553,1
19557,0
19563,1
19564,0
19566,0
19570,1
19572,0
19573,0
19575,0
19577,1
19582,0
19588,1
19595,1
19608,0
19609,0
19613,0
19618,0
19624,0
19632,1
19638,0
19645,0
19648,0
19649,0
19650,1
19657,0
19661,0
19662,1
19671,0
19673,0
19674,1
19677,0
19684,0
19697,1
19701,1
19703,0
19711,1
19713,0
19715,1
19719,0
19723,0
19724,1
19728,0
19736,0
19745,0
19747,1
19758,0
19764,0
19768,0
19773,0
19775,0
19776,0
19783,0
19785,0
19794,0
19795,0
19800,0
19801,0
19802,0
19804,0
19808,0
19809,1
19812,1
19817,0
19818,0
19820,1
19831,1
19835,0
19836,0
19864,0
19865,0
19870,0
19880,0
19881,0
19882,1
19883,0
19887,0
19890,0
19894,0
19899,0
19914,0
19918,0
19923,0
19935,0
19946,0
19957,1
19960,1
19961,0
19976,0
19979,1
19981,0
19986,0
19988,0
19989,0
19991,0
19995,0
19997,0
19999,0
20000,0
20001,0
20012,0
20036,0
20048,0
20049,0
20059,0
20063,1
20064,0
20074,0
20076,0
20078,0
20083,0
20087,0
20090,0
20091,0
20108,0
20136,0
20138,0
20139,0
20140,0
20141,0
20144,0
20149,0
20153,0
20164,1
20177,0
20181,0
20185,0
20191,0
20197,1
20199,0
20200,0
20203,1
20205,0
20207,1
20227,0
20230,0
20231,0
20233,0
20234,0
20236,1
20241,1
20242,0
20255,1
20257,0
20266,0
20270,1
20273,0
20274,0
20277,0
20279,0
20282,0
20287,0
20297,1
20299,0
20309,0
20311,1
20316,0
20324,0
20332,0
20337,0
20344,0
20347,0
20356,1
20365,0
20367,1
20375,1
20379,1
20380,0
20386,0
20387,1
20388,1
20402,0
20411,0
20416,0
20418,0
20441,1
20443,0
20448,1
20450,1
20453,0
20456,0
20464,0
20467,1
20471,0
20474,1
20478,0
20482,0
20485,1
20488,0
20493,0
20501,0
20502,0
20510,0
20511,0
20515,1
20517,1
20520,0
20528,0
20529,0
20536,0
20540,0
20564,1
20585,0
20596,0
20597,0
20599,0
20603,1
20604,0
20606,0
20607,0
20609,0
20610,0
20615,0
20616,0
20622,0
20625,0
20630,0
20631,0
20635,0
20636,0
20640,0
20642,0
20648,0
20649,0
20653,0
20655,0
20656,0
20667,0
20671,0
20676,0
20679,0
20681,1
20685,1
20691,0
20695,1
20700,1
20708,1
20709,0
20717,0
20720,1
20725,0
20726,0
20734,0
20737,0
20742,0
20748,0
20754,1
20770,1
20775,0
20777,0
20781,0
20791,0
20805,0
20808,0
20814,0
20817,0
20823,0
20827,0
20839,1
20845,0
20863,0
20876,0
20879,0
20880,0
20883,0
20885,1
20887,0
20893,0
20896,0
20903,0
20905,0
20907,0
20911,1
20912,1
20913,0
20914,0
20919,1
20921,0
20925,0
20927,1
20940,1
20948,0
20964,0
20967,0
20969,0
20970,0
20977,0
20983,0
20990,0
20993,0
20999,0
21002,0
21006,0
21008,0
21014,0
21016,0
21022,1
21023,1
21034,0
21035,0
21040,0
21044,1
21048,1
21049,0
21050,0
21057,0
21068,0
21069,0
21074,0
21076,0
21077,0
21078,0
21082,0
21083,0
21084,0
21086,0
21092,0
21095,0
21096,0
21097,0
21099,0
21101,0
21104,0
21118,0
21119,0
21128,1
21131,1
21138,0
21143,1
21144,0
21152,0
21158,0
21159,1
21168,0
21169,1
21172,0
21173,1
21184,0
21186,0
21188,0
21190,0
21193,1
21195,1
21210,0
21211,0
21214,0
21221,0
21222,1
21223,1
21236,0
21238,0
21249,0
21254,0
21257,0
21259,0
21263,0
21266,0
21274,0
21280,0
21281,1
21282,0
21284,1
21287,0
21289,0
21296,1
21302,0
21316,0
21320,1
21323,1
21340,0
21341,0
21347,0
21349,0
21362,1
21367,0
21368,0
21369,1
21370,0
21377,0
21383,1
21398,0
21401,0
21404,0
21411,0
21413,0
21414,1
21415,0
21416,0
21417,1
21418,0
21423,0
21429,1
21435,0
21447,0
21449,1
21455,1
21456,0
21460,0
21474,0
21483,1
21487,0
21490,1
21503,0
21505,0
21511,1
21514,0
21515,1
21519,0
21521,0
21525,0
21534,1
21542,0
21544,0
21549,0
21550,0
21558,1
21560,0
21563,0
21572,1
21577,1
21583,0
21589,0
21601,0
21607,0
21622,0
21623,0
21627,1
21643,0
21646,1
21654,0
21658,0
21665,0
21669,1
21674,0
21682,0
21703,0
21705,0
21707,0
21709,1
21720,0
21729,1
21730,0
21732,1
21734,0
21746,0
21748,0
21756,0
21758,0
21763,0
21768,0
21778,0
21779,0
21780,1
21787,0
21802,0
21803,0
21805,0
21813,1
21820,1
21823,1
21827,0
21828,0
21830,0
21831,0
21837,1
21840,0
21841,0
21844,0
21851,1
21857,0
21860,0
21865,0
21872,0
21877,0
21895,0
21901,0
21902,0
21906,0
21907,0
21908,0
21909,1
21911,0
21917,0
21921,0
21923,0
21925,1
21940,1
21942,0
21946,0
21948,1
21953,0
21955,0
21968,0
21969,0
21971,0
21972,0
21973,1
21975,0
21976,0
21986,1
21990,0
21991,0
21992,0
21995,0
21998,0
21999,1
22003,0
22006,0
22014,0
22015,0
22016,0
22021,1
22027,1
22033,0
22034,0
22040,1
22041,1
22059,1
22073,0
22085,0
22086,0
22093,0
22096,0
22099,0
22105,0
22112,0
22115,0
22117,1
22125,1
22126,0
22134,1
22158,0
22159,0
22164,0
22167,0
22178,1
22188,0
22189,0
22190,0
22200,1
22204,0
22208,0
22213,0
22214,0
22217,0
22219,0
22224,0
22226,0
22229,0
22233,0
22242,0
22256,0
22262,1
22265,1
22266,0
22269,0
22270,0
22272,0
22277,0
22281,0
22283,1
22286,1
22290,0
22293,0
22300,0
22301,1
22307,1
22310,0
22312,0
22313,0
22314,0
22315,0
22316,0
22321,0
22325,0
22330,0
22335,1
22338,0
22344,0
22346,1
22347,0
22348,0
22352,1
22353,0
22355,0
22360,0
22368,0
22381,0
22384,0
22387,1
22388,0
22390,1
22406,1
22409,0
22419,1
22425,0
22431,0
22434,0
22436,0
22449,1
22454,0
22456,0
22458,0
22461,0
22465,0
22471,0
22472,1
22474,0
22482,0
22483,0
22498,0
22501,0
22503,0
22511,0
22519,1
22520,0
22523,0
22528,1
22529,1
22532,1
22534,0
22535,0
22538,0
22539,1
22544,1
22553,0
22554,0
22559,1
22562,0
22568,0
22572,1
22573,1
22576,1
22577,0
22581,0
22582,0
22588,0
22591,0
22593,0
22595,0
22597,0
22600,1
22601,1
22606,0
22610,0
22613,0
22622,0
22626,0
22631,0
22636,0
22639,0
22647,0
22657,0
22663,0
22667,0
22670,0
22676,1
22677,0
22694,0
22701,0
22705,0
22711,0
22714,0
22715,0
22723,1
22727,0
22729,0
22743,0
22744,0
22746,0
22747,0
22749,1
22750,0
22751,0
22754,0
22756,0
22760,0
22763,0
22767,1
22769,0
22770,0
22773,0
22783,0
22798,0
22800,0
22810,1
22840,0
22841,0
22842,0
22846,1
22849,0
22853,0
22854,0
22859,0
22869,0
22871,1
22874,0
22879,0
22880,0
22881,0
22885,0
22886,0
22891,0
22896,1
22903,0
22907,0
22918,0
22919,0
22927,1
22931,0
22932,0
22933,0
22934,0
22947,0
22961,0
22967,0
22968,0
22970,0
22971,0
22972,0
22979,0
22983,1
22988,0
22996,1
23000,0
23002,0
23014,0
23015,0
23017,0
23026,1
23028,0
23034,0
23043,0
23046,0
23054,0
23062,1
23064,0
23070,0
23073,1
23074,1
23076,0
23077,0
23082,0
23093,1
23094,0
23102,0
23109,0
23110,1
23111,1
23113,0
23114,0
23115,0
23120,1
23129,0
23131,0
23146,1
23150,0
23160,0
23167,0
23172,0
23175,0
23176,1
23177,0
23180,1
23182,1
23184,0
23186,0
23188,1
23200,0
23206,0
23208,0
23210,0
23215,0
23218,0
23222,1
23229,1
23233,0
23238,0
23239,0
23240,1
23241,0
23245,0
23246,1
23253,0
23254,1
23260,0
23267,0
23269,0
23270,0
23271,0
23276,0
23279,0
23280,0
23282,1
23295,0
23296,0
23298,0
23310,0
23311,0
23331,1
23333,0
23335,1
23340,0
23343,0
23349,0
23359,0
23363,0
23366,0
23370,0
23378,0
23379,1
23384,1
23391,1
23394,0
23399,1
23403,1
23408,0
23410,0
23423,0
23424,1
23434,0
23441,0
23443,1
23446,0
23450,1
23464,0
23472,0
23479,0
23483,0
23484,0
23498,0
23500,1
23508,0
23511,0
23515,0
23519,0
23523,0
23540,1
23543,0
23544,0
23546,0
23552,0
23562,0
23569,0
23574,0
23582,0
23592,0
23594,1
23613,1
23617,0
23620,0
23630,0
23632,0
23633,0
23636,0
23637,1
23648,0
23659,0
23662,0
23669,1
23671,0
23672,0
23679,0
23681,0
23682,1
23685,0
23687,0
23688,0
23694,0
23696,0
23699,0
23702,0
23719,0
23720,0
23724,0
23728,0
23729,0
23732,0
23736,0
23739,0
23744,0
23755,0
23756,0
23757,0
23759,0
23762,0
23765,0
23766,0
23776,0
23778,0
23782,0
23783,0
23788,0
23793,1
23795,0
23799,0
23800,1
23803,0
23804,1
23813,0
23837,0
23843,0
23847,0
23848,0
23851,0
23853,0
23856,0
23861,0
23864,0
23875,0
23876,0
23884,0
23891,0
23904,0
23907,0
23911,0
23920,0
23921,0
23926,0
23927,0
23929,0
23934,0
23935,0
23936,0
23942,0
23943,0
23953,1
23955,0
23958,1
23960,0
23961,0
23963,0
23965,0
23971,1
23979,0
23986,0
23987,0
23995,0
24003,1
24005,0
24010,0
24012,0
24013,0
24020,1
24022,1
24039,1
24043,1
24048,0
24064,1
24065,1
24070,0
24081,1
24089,0
24090,1
24095,1
24097,0
24104,0
24105,0
24106,0
24110,0
24115,0
24128,0
24136,0
24147,0
24152,0
24157,1
24164,0
24175,0
24178,0
24179,0
24188,1
24192,0
24193,0
24202,0
24207,0
24232,0
24236,0
24242,0
24247,1
24252,1
24260,0
24264,0
24266,1
24271,0
24272,0
24279,1
24286,0
24292,0
24296,0
24300,0
24308,0
24312,1
24314,0
24320,0
24329,0
24335,0
24336,0
24338,0
24343,0
24346,0
24355,0
24361,0
24367,0
24369,1
24372,1
24382,1
24383,0
24384,0
24387,0
24392,0
24395,0
24407,0
24413,0
24420,0
24429,0
24431,1
24434,1
24445,0
24458,0
24468,1
24477,0
24483,1
24484,0
24488,0
24491,0
24492,1
24495,1
24498,0
24508,0
24520,1
24551,0
24554,0
24555,1
24558,1
24559,0
24568,1
24575,0
24576,0
24577,0
24584,1
24586,0
24597,0
24602,0
24606,1
24615,0
24624,1
24625,0
24626,0
24629,0
24630,0
24645,0
24646,1
24647,0
24649,0
24656,0
24662,0
24667,0
24674,0
24676,0
24680,1
24682,0
24683,0
24684,0
24688,1
24697,0
24705,0
24708,0
24709,1
24715,0
24724,1
24725,0
24726,0
24727,0
24733,0
24734,1
24735,0
24740,0
24741,0
24745,0
24746,0
24750,0
24759,0
24761,0
24763,0
24774,0
24783,0
24793,1
24794,1
24795,0
24798,0
24803,1
24806,0
24808,0
24816,0
24820,0
24823,0
24827,0
24835,0
24848,0
24850,0
24852,1
24855,0
24856,1
24870,0
24874,0
24875,1
24877,0
24879,0
24882,0
24890,0
24891,0
24900,0
24916,0
24917,0
24920,0
24924,0
24926,0
24927,0
24929,0
24930,1
24945,0
24949,0
24954,0
24974,0
24975,1
24977,0
24979,0
24981,0
24982,0
24984,0
24985,0
24988,1
24992,0
24994,1
24998,0
25000,0
