id,oral_temp
3,37.03
5,37.03
7,37.03
10,37.03
14,37.03
17,37.03
19,37.03
20,37.03
30,37.03
34,37.03
37,37.03
44,37.03
51,37.03
52,37.03
61,37.03
62,37.03
64,37.03
71,37.03
79,37.03
81,37.03
86,37.03
97,37.03
119,37.03
120,37.03
124,37.03
126,37.03
129,37.03
132,37.03
138,37.03
139,37.03
149,37.03
151,37.03
155,37.03
158,37.03
173,37.03
175,37.03
178,37.03
179,37.03
189,37.03
195,37.03
210,37.03
217,37.03
220,37.03
234,37.03
240,37.03
242,37.03
248,37.03
249,37.03
250,37.03
264,37.03
269,37.03
277,37.03
281,37.03
287,37.03
288,37.03
289,37.03
298,37.03
300,37.03
304,37.03
307,37.03
309,37.03
313,37.03
315,37.03
318,37.03
319,37.03
326,37.03
332,37.03
338,37.03
351,37.03
362,37.03
368,37.03
369,37.03
382,37.03
393,37.03
397,37.03
403,37.03
404,37.03
405,37.03
406,37.03
407,37.03
412,37.03
417,37.03
422,37.03
423,37.03
428,37.03
442,37.03
452,37.03
453,37.03
457,37.03
460,37.03
468,37.03
473,37.03
481,37.03
482,37.03
492,37.03
494,37.03
498,37.03
499,37.03
501,37.03
510,37.03
511,37.03
513,37.03
514,37.03
522,37.03
523,37.03
526,37.03
533,37.03
534,37.03
553,37.03
556,37.03
559,37.03
560,37.03
565,37.03
566,37.03
569,37.03
585,37.03
596,37.03
599,37.03
618,37.03
620,37.03
622,37.03
624,37.03
626,37.03
627,37.03
633,37.03
635,37.03
639,37.03
645,37.03
646,37.03
655,37.03
660,37.03
663,37.03
673,37.03
679,37.03
695,37.03
696,37.03
701,37.03
703,37.03
710,37.03
714,37.03
722,37.03
727,37.03
730,37.03
733,37.03
735,37.03
736,37.03
741,37.03
745,37.03
748,37.03
753,37.03
758,37.03
762,37.03
770,37.03
772,37.03
777,37.03
787,37.03
793,37.03
796,37.03
810,37.03
814,37.03
817,37.03
820,37.03
828,37.03
829,37.03
832,37.03
838,37.03
841,37.03
848,37.03
850,37.03
851,37.03
852,37.03
864,37.03
866,37.03
867,37.03
872,37.03
873,37.03
885,37.03
904,37.03
911,37.03
917,37.03
921,37.03
925,37.03
927,37.03
928,37.03
935,37.03
938,37.03
939,37.03
945,37.03
951,37.03
959,37.03
960,37.03
963,37.03
969,37.03
971,37.03
975,37.03
981,37.03
983,37.03
984,37.03
992,37.03
994,37.03
1004,37.03
1009,37.03
1014,37.03
1016,37.03
