id,cement,blast_furnace_slag,fly_ash,water,superplasticizer,coarse_aggregate,fine_aggregate,age,compressive_strength,water_cement_ratio,total_binder,coarse_fine_ratio,log_age
0,266.0,114.0,0.0,228.0,0.0,932.0,670.0,365,52.91,0.8571,380.0,1.391,5.9026
2,389.9,189.0,0.0,145.9,22.0,944.7,755.8,28,74.5,0.3742,578.9,1.2499,3.3673
3,362.6,189.0,0.0,164.9,11.6,944.7,755.8,3,35.3,0.4548,551.6,1.2499,1.3863
4,145.0,0.0,179.0,202.0,8.0,824.0,869.0,28,10.54,1.393,324.0,0.9482,3.3673
5,276.4,116.0,90.3,179.6,8.9,870.1,768.3,28,44.28,0.6498,482.7,1.1325,3.3673
6,149.0,139.0,109.0,193.0,6.0,892.0,780.0,28,23.69,1.2952,397.0,1.1436,3.3673
8,212.6,0.0,100.4,159.4,10.4,1003.8,903.8,28,37.4,0.7497,313.0,1.1106,3.3673
9,393.0,0.0,0.0,192.0,0.0,940.6,785.6,90,48.85,0.4885,393.0,1.1973,4.5109
10,313.0,0.0,0.0,178.0,8.0,1000.0,822.0,28,25.1,0.5687,313.0,1.2165,3.3673
13,323.7,282.8,0.0,183.8,10.3,942.7,659.9,7,49.8,0.5678,606.5,1.4285,2.0794
14,173.5,50.1,173.5,164.8,6.5,1006.2,793.5,14,33.01,0.9498,397.1,1.268,2.7081
15,228.0,342.1,0.0,185.7,0.0,955.8,674.3,7,21.92,0.8144,570.1,1.4174,2.0794
16,318.0,0.0,126.0,210.0,6.0,861.0,737.0,28,40.06,0.6604,444.0,1.1682,3.3673
17,250.2,166.8,0.0,203.5,0.0,977.6,694.1,7,19.35,0.8133,417.0,1.4084,2.0794
18,273.0,105.0,82.0,210.0,9.0,904.0,680.0,28,37.17,0.7692,460.0,1.3294,3.3673
19,165.0,128.5,132.1,175.1,8.1,1005.8,746.6,14,33.09,1.0611,425.6,1.3472,2.7081
20,272.8,181.9,0.0,185.7,0.0,1012.4,714.3,28,31.38,0.6807,454.7,1.4173,3.3673
21,165.0,0.0,143.6,163.8,0.0,1005.6,900.9,100,37.96,0.9927,308.6,1.1162,4.6151
22,295.7,0.0,95.6,171.5,8.9,955.1,859.2,56,48.72,0.58,391.3,1.1116,4.0431
23,166.8,250.2,0.0,203.5,0.0,975.6,692.6,3,6.9,1.22,417.0,1.4086,1.3863
24,214.9,53.8,121.9,155.6,9.6,1014.3,780.6,14,38.6,0.724,390.6,1.2994,2.7081
25,249.1,0.0,98.8,158.1,12.8,987.8,889.0,28,30.85,0.6347,347.9,1.1111,3.3673
26,225.0,0.0,0.0,181.0,0.0,1113.0,833.0,7,11.17,0.8044,225.0,1.3361,2.0794
27,313.0,145.0,0.0,178.0,8.0,1002.0,689.0,28,41.05,0.5687,458.0,1.4543,3.3673
28,213.5,0.0,174.2,159.2,11.7,1043.6,771.9,100,52.96,0.7456,387.7,1.352,4.6151
29,339.0,0.0,0.0,197.0,0.0,968.0,781.0,3,13.22,0.5811,339.0,1.2394,1.3863
30,405.0,0.0,0.0,175.0,0.0,1120.0,695.0,28,52.3,0.4321,405.0,1.6115,3.3673
31,393.0,0.0,0.0,192.0,0.0,940.6,785.6,28,39.6,0.4885,393.0,1.1973,3.3673
32,203.5,305.3,0.0,203.5,0.0,963.4,630.0,90,51.86,1.0,508.8,1.5292,4.5109
36,212.5,0.0,100.4,159.3,8.7,1007.8,903.6,28,31.64,0.7496,312.9,1.1153,3.3673
37,266.2,112.3,87.5,177.9,10.4,909.7,744.5,28,39.42,0.6683,466.0,1.2219,3.3673
38,133.0,200.0,0.0,192.0,0.0,927.4,839.2,7,13.66,1.4435,333.0,1.1051,2.0794
39,297.2,0.0,117.5,174.8,9.5,1022.8,753.5,56,51.96,0.5881,414.7,1.3574,4.0431
40,300.0,0.0,0.0,184.0,0.0,1075.0,795.0,7,15.58,0.6133,300.0,1.3522,2.0794
41,116.0,173.0,0.0,192.0,0.0,909.8,891.9,3,6.28,1.655,289.0,1.0201,1.3863
42,198.6,132.4,0.0,192.0,0.0,978.4,825.5,90,38.07,0.9667,331.0,1.1852,4.5109
44,230.0,0.0,118.3,195.5,4.6,1029.4,758.6,3,10.03,0.85,348.3,1.357,1.3863
45,374.0,189.2,0.0,170.1,10.1,926.1,756.7,56,63.4,0.4548,563.2,1.2239,4.0431
46,385.0,0.0,136.0,158.0,20.0,903.0,768.0,28,55.55,0.4104,521.0,1.1758,3.3673
47,307.0,0.0,0.0,193.0,0.0,968.0,812.0,365,36.15,0.6286,307.0,1.1921,5.9026
48,302.0,0.0,0.0,203.0,0.0,974.0,817.0,28,21.75,0.6722,302.0,1.1922,3.3673
49,141.3,212.0,0.0,203.5,0.0,971.8,748.5,3,4.83,1.4401,353.3,1.2983,1.3863
51,236.0,157.0,0.0,192.0,0.0,972.6,749.1,90,47.78,0.8135,393.0,1.2983,4.5109
54,505.0,0.0,60.0,195.0,0.0,1030.0,630.0,28,64.02,0.3861,565.0,1.6349,3.3673
56,212.6,0.0,100.4,159.4,10.4,1003.8,903.8,14,25.37,0.7497,313.0,1.1106,2.7081
57,252.0,0.0,0.0,185.0,0.0,1111.0,784.0,7,13.71,0.7341,252.0,1.4171,2.0794
58,190.3,0.0,125.2,166.6,9.9,1079.0,798.9,56,31.72,0.8754,315.5,1.3506,4.0431
59,252.5,0.0,0.0,185.7,0.0,1111.6,784.3,28,19.77,0.7354,252.5,1.4173,3.3673
60,266.0,112.0,87.0,178.0,10.0,910.0,745.0,28,39.42,0.6691,465.0,1.2215,3.3673
61,331.0,0.0,0.0,192.0,0.0,879.0,825.0,3,13.52,0.58,331.0,1.0654,1.3863
63,425.0,106.3,0.0,151.4,18.6,936.0,803.7,7,46.8,0.3562,531.3,1.1646,2.0794
64,212.0,141.3,0.0,203.5,0.0,973.4,750.0,28,33.0,0.9599,353.3,1.2978,3.3673
65,165.0,0.0,150.0,182.0,12.0,1023.0,729.0,28,18.03,1.103,315.0,1.4033,3.3673
66,252.1,97.1,75.6,193.8,8.3,835.5,821.4,28,33.4,0.7687,424.8,1.0172,3.3673
68,233.8,0.0,94.6,197.9,4.6,947.0,852.2,56,27.66,0.8464,328.4,1.1112,4.0431
70,289.0,0.0,0.0,192.0,0.0,913.2,895.3,3,11.65,0.6643,289.0,1.02,1.3863
71,183.9,122.6,0.0,203.5,0.0,959.2,800.0,28,24.05,1.1065,306.5,1.199,3.3673
72,254.0,0.0,0.0,198.0,0.0,968.0,863.0,3,9.31,0.7795,254.0,1.1217,1.3863
74,144.0,136.0,106.0,178.0,7.0,941.0,774.0,28,26.14,1.236,386.0,1.2157,3.3673
75,222.4,0.0,96.7,189.3,4.5,967.1,870.3,3,11.58,0.8511,319.1,1.1112,1.3863
76,304.0,76.0,0.0,228.0,0.0,932.0,670.0,365,55.26,0.75,380.0,1.391,5.9026
77,252.3,0.0,98.8,146.3,14.2,987.8,889.0,100,60.95,0.5798,351.1,1.1111,4.6151
78,491.0,26.0,123.0,201.0,3.9,822.0,699.0,56,61.86,0.4094,640.0,1.1759,4.0431
79,139.6,209.4,0.0,192.0,0.0,1047.0,806.9,7,14.59,1.3753,349.0,1.2975,2.0794
81,388.6,97.1,0.0,157.9,12.1,852.1,925.7,7,34.9,0.4063,485.7,0.9205,2.0794
82,333.0,0.0,0.0,192.0,0.0,931.2,842.6,90,41.68,0.5766,333.0,1.1051,4.5109
83,238.1,0.0,94.1,186.7,7.0,949.9,847.0,56,39.59,0.7841,332.2,1.1215,4.0431
84,332.5,142.5,0.0,228.0,0.0,932.0,594.0,365,41.05,0.6857,475.0,1.569,5.9026
85,362.6,189.0,0.0,164.9,11.6,944.7,755.8,3,35.3,0.4548,551.6,1.2499,1.3863
86,142.0,167.0,130.0,174.0,11.0,883.0,785.0,28,44.61,1.2253,439.0,1.1248,3.3673
87,261.9,110.5,86.1,195.4,5.0,895.2,732.6,28,33.72,0.7461,458.5,1.2219,3.3673
89,230.0,0.0,118.3,195.5,4.6,1029.4,758.6,14,20.08,0.85,348.3,1.357,2.7081
90,339.0,0.0,0.0,185.0,0.0,1060.0,754.0,28,31.65,0.5457,339.0,1.4058,3.3673
91,401.8,94.7,0.0,147.4,11.4,946.8,852.1,91,75.5,0.3668,496.5,1.1111,4.5218
92,190.7,0.0,125.4,162.1,7.8,1090.0,804.0,3,15.04,0.85,316.1,1.3557,1.3863
93,331.0,170.0,0.0,195.0,8.0,811.0,802.0,28,56.61,0.5891,501.0,1.0112,3.3673
94,297.8,137.2,106.9,201.3,6.0,878.4,655.3,28,53.52,0.6759,541.9,1.3404,3.3673
95,190.0,190.0,0.0,228.0,0.0,932.0,670.0,270,50.66,1.1999,380.0,1.391,5.6021
96,212.0,0.0,124.8,159.0,7.8,1085.4,799.5,14,31.35,0.75,336.8,1.3576,2.7081
97,213.7,98.1,24.5,181.7,6.9,1065.8,785.4,28,45.71,0.8502,336.3,1.357,3.3673
98,393.0,0.0,0.0,192.0,0.0,940.0,758.0,3,19.11,0.4885,393.0,1.2401,1.3863
99,307.0,0.0,0.0,193.0,0.0,968.0,812.0,90,32.92,0.6286,307.0,1.1921,4.5109
100,397.0,0.0,0.0,185.7,0.0,1040.6,734.3,7,25.45,0.4677,397.0,1.4171,2.0794
101,287.0,121.0,94.0,188.0,9.0,904.0,696.0,28,41.94,0.655,502.0,1.2988,3.3673
102,237.5,237.5,0.0,228.0,0.0,932.0,594.0,180,36.25,0.96,475.0,1.569,5.1985
103,382.0,0.0,0.0,185.0,0.0,1047.0,739.0,7,24.0,0.4843,382.0,1.4168,2.0794
105,238.1,0.0,0.0,185.7,0.0,1118.8,789.3,7,10.34,0.7799,238.1,1.4174,2.0794
106,167.0,75.4,167.0,164.0,7.9,1007.3,770.1,100,56.81,0.982,409.4,1.308,4.6151
107,304.8,0.0,99.6,196.0,9.8,959.4,705.2,28,30.12,0.643,404.4,1.3604,3.3673
108,213.5,0.0,174.2,159.2,11.7,1043.6,771.9,28,44.64,0.7456,387.7,1.352,3.3673
109,313.0,145.0,0.0,127.0,8.0,1000.0,822.0,28,44.52,0.4057,458.0,1.2165,3.3673
110,139.6,209.4,0.0,192.0,0.0,1047.0,806.9,360,44.7,1.3753,349.0,1.2975,5.8889
111,277.1,0.0,97.4,160.6,11.8,973.9,875.6,56,51.04,0.5796,374.5,1.1123,4.0431
114,359.0,19.0,141.0,154.0,10.9,942.0,801.0,7,38.61,0.429,519.0,1.176,2.0794
117,162.0,190.1,148.1,178.8,18.8,838.1,741.4,28,33.76,1.1036,500.2,1.1304,3.3673
119,298.0,137.0,107.0,201.0,6.0,878.0,655.0,28,53.52,0.6745,542.0,1.3404,3.3673
122,213.5,0.0,174.2,154.6,11.7,1052.3,775.5,56,51.43,0.7241,387.7,1.3569,4.0431
123,350.0,0.0,0.0,203.0,0.0,974.0,775.0,56,29.98,0.58,350.0,1.2568,4.0431
124,135.0,105.0,193.0,196.0,6.0,965.0,643.0,28,21.91,1.4517,433.0,1.5008,3.3673
125,182.0,45.2,122.0,170.2,8.2,1059.4,780.7,56,43.5,0.9351,349.2,1.357,4.0431
128,288.4,121.0,0.0,177.4,7.0,907.9,829.5,28,42.14,0.6151,409.4,1.0945,3.3673
129,260.9,100.5,78.3,200.6,8.6,864.5,761.5,28,32.4,0.7688,439.7,1.1352,3.3673
130,252.0,0.0,0.0,186.0,0.0,1111.0,784.0,7,11.47,0.7381,252.0,1.4171,2.0794
131,277.1,0.0,97.4,160.6,11.8,973.9,875.6,14,41.89,0.5796,374.5,1.1123,2.7081
132,200.0,0.0,0.0,180.0,0.0,1125.0,845.0,28,12.25,0.9,200.0,1.3313,3.3673
133,439.0,177.0,0.0,186.0,11.1,884.9,707.9,56,71.7,0.4237,616.0,1.25,4.0431
135,332.5,142.5,0.0,228.0,0.0,932.0,594.0,270,40.27,0.6857,475.0,1.569,5.6021
136,331.0,0.0,0.0,192.0,0.0,1025.0,821.0,28,31.74,0.58,331.0,1.2485,3.3673
137,212.1,0.0,121.6,180.3,5.7,1057.6,779.3,100,39.61,0.85,333.7,1.3571,4.6151
138,290.4,0.0,96.2,168.1,9.4,961.2,865.0,3,22.5,0.5788,386.6,1.1112,1.3863
141,322.0,0.0,116.0,196.0,10.0,818.0,813.0,28,31.18,0.6087,438.0,1.0061,3.3673
142,173.5,50.1,173.5,164.8,6.5,1006.2,793.5,3,23.08,0.9498,397.1,1.268,1.3863
143,277.0,0.0,0.0,191.0,0.0,968.0,856.0,90,31.25,0.6895,277.0,1.1308,4.5109
144,314.0,145.0,113.0,179.0,8.0,869.0,690.0,28,46.23,0.57,572.0,1.2594,3.3673
145,277.0,117.0,91.0,191.0,7.0,946.0,666.0,28,43.57,0.6895,485.0,1.4204,3.3673
146,152.6,238.7,0.0,200.0,6.3,1001.8,683.9,28,26.86,1.3105,391.3,1.4648,3.3673
147,144.8,0.0,133.6,180.8,11.1,979.5,811.5,28,13.2,1.2485,278.4,1.207,3.3673
148,133.0,200.0,0.0,192.0,0.0,927.4,839.2,3,6.88,1.4435,333.0,1.1051,1.3863
149,295.0,0.0,0.0,185.0,0.0,1069.0,769.0,7,14.8,0.6271,295.0,1.3901,2.0794
151,164.2,0.0,200.1,181.2,12.6,849.3,846.0,28,15.09,1.1035,364.3,1.0039,3.3673
152,387.0,20.0,94.0,157.0,11.6,938.0,845.0,7,41.67,0.4057,501.0,1.11,2.0794
153,172.4,13.6,172.4,156.8,4.1,1006.3,856.4,14,29.75,0.9095,358.4,1.175,2.7081
155,250.0,0.0,95.7,191.8,5.3,948.9,857.2,100,41.16,0.7672,345.7,1.107,4.6151
156,300.0,0.0,120.0,212.0,10.0,878.0,728.0,28,23.84,0.7066,420.0,1.206,3.3673
157,540.0,0.0,0.0,173.0,0.0,1125.0,613.0,180,71.62,0.3204,540.0,1.8352,5.1985
158,362.6,189.0,0.0,164.9,11.6,944.7,755.8,7,55.9,0.4548,551.6,1.2499,2.0794
159,322.0,149.0,0.0,186.0,8.0,951.0,709.0,28,52.42,0.5776,471.0,1.3413,3.3673
160,198.6,132.4,0.0,192.0,0.0,978.4,825.5,7,14.64,0.9667,331.0,1.1852,2.0794
161,375.0,93.8,0.0,126.6,23.4,852.1,992.6,28,56.7,0.3376,468.8,0.8584,3.3673
162,295.7,0.0,95.6,171.5,8.9,955.1,859.2,14,35.23,0.58,391.3,1.1116,2.7081
163,380.0,0.0,0.0,228.0,0.0,932.0,670.0,270,53.3,0.6,380.0,1.391,5.6021
164,425.0,106.3,0.0,153.5,16.5,852.1,887.1,3,33.4,0.3612,531.3,0.9605,1.3863
166,427.5,47.5,0.0,228.0,0.0,932.0,594.0,90,41.54,0.5333,475.0,1.569,4.5109
167,251.4,0.0,118.3,188.5,5.8,1028.4,757.7,14,29.93,0.7498,369.7,1.3572,2.7081
168,446.0,24.0,79.0,162.0,11.6,967.0,712.0,7,52.01,0.3632,549.0,1.3581,2.0794
169,251.8,0.0,99.9,146.1,12.4,1006.0,899.8,3,21.02,0.5802,351.7,1.118,1.3863
170,275.1,0.0,121.4,159.5,9.9,1053.6,777.5,28,51.33,0.5798,396.5,1.3551,3.3673
171,157.0,236.0,0.0,192.0,0.0,935.4,781.2,7,16.89,1.2229,393.0,1.1974,2.0794
172,194.7,0.0,100.5,170.2,7.5,998.0,901.8,14,24.28,0.8741,295.2,1.1067,2.7081
173,326.5,0.0,137.9,199.0,10.8,801.1,792.5,28,38.63,0.6095,464.4,1.0108,3.3673
174,152.0,178.0,139.0,168.0,18.0,944.0,695.0,28,36.35,1.1052,469.0,1.3583,3.3673
175,186.2,124.1,0.0,185.7,0.0,1083.4,764.3,7,8.0,0.9973,310.3,1.4175,2.0794
176,200.0,133.0,0.0,192.0,0.0,965.4,806.2,28,30.44,0.96,333.0,1.1975,3.3673
177,252.3,0.0,98.8,146.3,14.2,987.8,889.0,56,55.83,0.5798,351.1,1.1111,4.0431
179,339.0,0.0,0.0,197.0,0.0,968.0,781.0,180,36.45,0.5811,339.0,1.2394,5.1985
180,157.0,214.0,152.0,200.0,9.0,819.0,704.0,28,33.05,1.2738,523.0,1.1633,3.3673
181,147.8,175.1,0.0,171.2,2.2,1000.0,828.5,28,26.92,1.1582,322.9,1.207,3.3673
184,246.8,0.0,125.1,143.3,12.0,1086.8,800.9,28,52.5,0.5806,371.9,1.357,3.3673
185,304.0,76.0,0.0,228.0,0.0,932.0,670.0,270,54.38,0.75,380.0,1.391,5.6021
187,218.9,0.0,124.1,158.5,11.3,1078.7,794.9,28,30.22,0.724,343.0,1.357,3.3673
188,337.9,189.0,0.0,174.9,9.5,944.7,755.8,3,24.1,0.5176,526.9,1.2499,1.3863
189,310.0,0.0,0.0,192.0,0.0,1012.0,830.0,7,17.24,0.6193,310.0,1.2193,2.0794
190,387.0,20.0,94.0,157.0,11.6,938.0,845.0,3,34.77,0.4057,501.0,1.11,1.3863
193,424.0,22.0,132.0,168.0,8.9,822.0,750.0,7,40.29,0.3962,578.0,1.096,2.0794
194,254.0,0.0,0.0,198.0,0.0,968.0,863.0,365,29.79,0.7795,254.0,1.1217,5.9026
195,167.0,75.4,167.0,164.0,7.9,1007.3,770.1,14,32.9,0.982,409.4,1.308,2.7081
196,246.8,0.0,125.1,143.3,12.0,1086.8,800.9,56,60.32,0.5806,371.9,1.357,4.0431
199,170.3,155.5,0.0,185.7,0.0,1026.6,724.3,28,25.73,1.0904,325.8,1.4173,3.3673
200,277.2,97.8,24.5,160.7,11.2,1061.7,782.5,14,47.71,0.5797,399.5,1.3568,2.7081
201,446.0,24.0,79.0,162.0,11.6,967.0,712.0,56,56.14,0.3632,549.0,1.3581,4.0431
202,255.0,0.0,0.0,192.0,0.0,889.8,945.0,28,18.75,0.7529,255.0,0.9416,3.3673
204,424.0,22.0,132.0,168.0,8.9,822.0,750.0,56,74.36,0.3962,578.0,1.096,4.0431
205,339.0,0.0,0.0,197.0,0.0,968.0,781.0,90,35.17,0.5811,339.0,1.2394,4.5109
206,158.6,148.9,116.0,175.1,15.0,953.3,719.7,28,27.68,1.104,423.5,1.3246,3.3673
207,424.0,22.0,132.0,178.0,8.5,822.0,750.0,28,62.05,0.4198,578.0,1.096,3.3673
208,275.1,0.0,121.4,159.5,9.9,1053.6,777.5,3,23.8,0.5798,396.5,1.3551,1.3863
209,252.0,97.0,76.0,194.0,8.0,835.0,821.0,28,33.4,0.7698,425.0,1.017,3.3673
210,168.9,42.2,124.3,158.3,10.8,1080.8,796.2,3,7.4,0.9372,335.4,1.3574,1.3863
211,181.4,0.0,167.0,169.6,7.6,1055.6,777.8,28,27.77,0.9349,348.4,1.3571,3.3673
212,154.8,183.4,0.0,193.3,9.1,1047.4,696.7,28,18.29,1.2486,338.2,1.5034,3.3673
213,178.0,129.8,118.6,179.9,3.6,1007.3,746.8,56,48.59,1.0106,426.4,1.3488,4.0431
214,212.0,141.3,0.0,203.5,0.0,973.4,750.0,90,39.7,0.9599,353.3,1.2978,4.5109
215,102.0,153.0,0.0,192.0,0.0,887.0,942.0,3,4.57,1.8822,255.0,0.9416,1.3863
216,134.7,0.0,165.7,180.2,10.0,961.0,804.9,28,13.29,1.3377,300.4,1.1939,3.3673
217,251.4,0.0,118.3,188.5,5.8,1028.4,757.7,56,36.97,0.7498,369.7,1.3572,4.0431
218,350.0,0.0,0.0,203.0,0.0,974.0,775.0,14,22.53,0.58,350.0,1.2568,2.7081
220,491.0,26.0,123.0,210.0,3.9,882.0,699.0,3,25.61,0.4277,640.0,1.2618,1.3863
221,275.0,180.0,120.0,162.0,10.4,830.0,765.0,28,76.24,0.5891,575.0,1.085,3.3673
222,359.0,19.0,141.0,154.0,10.9,942.0,801.0,28,62.94,0.429,519.0,1.176,3.3673
223,238.0,0.0,0.0,185.0,0.0,1118.0,789.0,28,17.54,0.7773,238.0,1.417,3.3673
224,313.3,145.0,0.0,178.5,8.0,1001.9,688.7,28,41.05,0.5697,458.3,1.4547,3.3673
225,290.2,193.5,0.0,185.7,0.0,998.2,704.3,7,21.86,0.6399,483.7,1.4173,2.0794
227,153.6,144.2,112.3,220.1,10.1,923.2,657.9,28,16.5,1.4328,410.1,1.4032,3.3673
229,143.0,169.0,143.0,191.0,8.0,967.0,643.0,28,29.72,1.3356,455.0,1.5039,3.3673
230,238.1,0.0,94.1,186.7,7.0,949.9,847.0,3,19.93,0.7841,332.2,1.1215,1.3863
231,158.8,238.2,0.0,185.7,0.0,1040.6,734.3,7,9.62,1.1693,397.0,1.4171,2.0794
232,374.0,0.0,0.0,190.0,7.0,1013.0,730.0,28,39.05,0.508,374.0,1.3877,3.3673
233,288.0,121.0,0.0,177.0,7.0,908.0,829.0,28,42.13,0.6146,409.0,1.0953,3.3673
234,192.0,288.0,0.0,192.0,0.0,929.8,716.1,28,39.32,0.9999,480.0,1.2984,3.3673
235,307.0,0.0,0.0,193.0,0.0,968.0,812.0,180,34.49,0.6286,307.0,1.1921,5.1985
236,388.6,97.1,0.0,157.9,12.1,852.1,925.7,3,28.1,0.4063,485.7,0.9205,1.3863
237,475.0,0.0,0.0,228.0,0.0,932.0,594.0,7,38.6,0.48,475.0,1.569,2.0794
238,173.5,50.1,173.5,164.8,6.5,1006.2,793.5,56,53.77,0.9498,397.1,1.268,4.0431
239,182.0,45.2,122.0,170.2,8.2,1059.4,780.7,3,7.32,0.9351,349.2,1.357,1.3863
243,139.7,163.9,127.7,236.7,5.8,868.6,655.6,28,35.23,1.6942,431.3,1.3249,3.3673
244,425.0,106.3,0.0,151.4,18.6,936.0,803.7,91,66.7,0.3562,531.3,1.1646,4.5218
246,286.3,200.9,0.0,144.7,11.2,1004.6,803.7,91,76.8,0.5054,487.2,1.25,4.5218
250,255.3,98.8,77.0,188.6,6.5,919.0,749.3,28,33.8,0.7387,431.1,1.2265,3.3673
251,213.5,0.0,174.2,154.6,11.7,1052.3,775.5,28,45.94,0.7241,387.7,1.3569,3.3673
253,190.3,0.0,125.2,166.6,9.9,1079.0,798.9,28,24.85,0.8754,315.5,1.3506,3.3673
254,213.7,0.0,174.7,154.8,10.2,1053.5,776.4,28,40.15,0.7243,388.4,1.3569,3.3673
255,212.5,0.0,100.4,159.3,8.7,1007.8,903.6,3,13.54,0.7496,312.9,1.1153,1.3863
257,213.7,0.0,174.7,154.8,10.2,1053.5,776.4,3,17.57,0.7243,388.4,1.3569,1.3863
258,166.1,0.0,163.3,176.5,4.5,1058.6,780.1,28,21.54,1.0625,329.4,1.357,3.3673
259,213.8,98.1,24.5,181.7,6.7,1066.0,785.5,14,17.84,0.8498,336.4,1.3571,2.7081
260,333.0,0.0,0.0,192.0,0.0,931.2,842.6,7,23.4,0.5766,333.0,1.1051,2.0794
262,186.2,124.1,0.0,185.7,0.0,1083.4,764.3,28,17.6,0.9973,310.3,1.4175,3.3673
263,296.0,0.0,106.7,221.4,10.5,819.2,778.4,28,31.42,0.7479,402.7,1.0524,3.3673
265,366.0,187.0,0.0,191.3,6.6,824.3,756.9,28,65.91,0.5227,553.0,1.089,3.3673
266,315.0,137.0,0.0,145.0,5.9,1130.0,745.0,28,81.75,0.4603,452.0,1.5168,3.3673
267,313.3,262.2,0.0,175.5,8.6,1046.9,611.8,3,28.8,0.5601,575.5,1.7112,1.3863
268,313.3,262.2,0.0,175.5,8.6,1046.9,611.8,7,42.8,0.5601,575.5,1.7112,2.0794
269,475.0,0.0,0.0,228.0,0.0,932.0,594.0,270,42.13,0.48,475.0,1.569,5.6021
274,160.0,128.0,122.0,182.0,6.4,824.0,879.0,28,39.4,1.1374,410.0,0.9374,3.3673
275,425.0,106.3,0.0,153.5,16.5,852.1,887.1,3,33.4,0.3612,531.3,0.9605,1.3863
276,323.7,282.8,0.0,183.8,10.3,942.7,659.9,3,28.3,0.5678,606.5,1.4285,1.3863
277,249.1,0.0,98.8,158.1,12.8,987.8,889.0,3,15.36,0.6347,347.9,1.1111,1.3863
278,401.8,94.7,0.0,147.4,11.4,946.8,852.1,3,41.1,0.3668,496.5,1.1111,1.3863
279,299.8,0.0,119.8,211.5,9.9,878.2,727.6,28,23.84,0.7054,419.6,1.207,3.3673
281,480.0,0.0,0.0,192.0,0.0,936.2,712.2,7,34.57,0.4,480.0,1.3145,2.0794
282,255.0,0.0,0.0,192.0,0.0,889.8,945.0,7,10.22,0.7529,255.0,0.9416,2.0794
283,397.0,0.0,0.0,185.0,0.0,1040.0,734.0,28,39.09,0.466,397.0,1.4169,3.3673
284,250.0,0.0,95.7,191.8,5.3,948.9,857.2,14,24.66,0.7672,345.7,1.107,2.7081
285,295.7,0.0,95.6,171.5,8.9,955.1,859.2,3,22.95,0.58,391.3,1.1116,1.3863
286,266.0,114.0,0.0,228.0,0.0,932.0,670.0,90,47.03,0.8571,380.0,1.391,4.5109
287,349.0,0.0,0.0,192.0,0.0,1047.0,806.0,7,18.13,0.5501,349.0,1.299,2.0794
288,318.8,212.5,0.0,155.7,14.3,852.1,880.4,7,33.4,0.4884,531.3,0.9678,2.0794
289,375.0,93.8,0.0,126.6,23.4,852.1,992.6,7,45.7,0.3376,468.8,0.8584,2.0794
290,168.9,42.2,124.3,158.3,10.8,1080.8,796.2,28,31.12,0.9372,335.4,1.3574,3.3673
291,178.0,129.8,118.6,179.9,3.6,1007.3,746.8,3,20.73,1.0106,426.4,1.3488,1.3863
293,155.0,0.0,143.0,193.0,9.0,1047.0,697.0,28,12.46,1.2451,298.0,1.5021,3.3673
294,251.4,0.0,118.3,188.5,6.4,1028.4,757.7,28,32.66,0.7498,369.7,1.3572,3.3673
295,212.0,0.0,124.8,159.0,7.8,1085.4,799.5,28,38.5,0.75,336.8,1.3576,3.3673
296,296.0,0.0,0.0,186.0,0.0,1090.0,769.0,28,25.18,0.6284,296.0,1.4174,3.3673
297,148.0,0.0,137.0,158.0,16.0,1002.0,830.0,28,17.95,1.0675,285.0,1.2072,3.3673
298,393.0,0.0,0.0,192.0,0.0,940.6,785.6,3,19.2,0.4885,393.0,1.1973,1.3863
299,165.0,0.0,143.6,163.8,0.0,1005.6,900.9,28,26.2,0.9927,308.6,1.1162,3.3673
300,148.0,0.0,182.0,181.0,15.0,839.0,884.0,28,15.52,1.2229,330.0,0.9491,3.3673
301,200.0,133.0,0.0,192.0,0.0,965.4,806.2,3,11.41,0.96,333.0,1.1975,1.3863
302,425.0,106.3,0.0,153.5,16.5,852.1,887.1,28,60.29,0.3612,531.3,0.9605,3.3673
303,500.0,0.0,0.0,151.0,9.0,1033.0,655.0,28,69.84,0.302,500.0,1.5771,3.3673
304,250.0,0.0,95.7,187.4,5.5,956.9,861.2,14,24.92,0.7496,345.7,1.1111,2.7081
306,277.0,0.0,0.0,191.0,0.0,968.0,856.0,180,32.33,0.6895,277.0,1.1308,5.1985
307,475.0,0.0,0.0,228.0,0.0,932.0,594.0,28,39.29,0.48,475.0,1.569,3.3673
308,277.2,97.8,24.5,160.7,11.2,1061.7,782.5,56,66.82,0.5797,399.5,1.3568,4.0431
309,194.7,0.0,100.5,165.6,7.5,1006.4,905.9,28,25.72,0.8505,295.2,1.1109,3.3673
310,325.0,0.0,0.0,184.0,0.0,1063.0,783.0,7,17.54,0.5661,325.0,1.3576,2.0794
311,318.8,212.5,0.0,155.7,14.3,852.1,880.4,3,25.2,0.4884,531.3,0.9678,1.3863
312,359.0,19.0,141.0,154.0,10.9,942.0,801.0,3,23.64,0.429,519.0,1.176,1.3863
315,229.7,0.0,118.2,195.2,6.1,1028.1,757.6,3,13.36,0.8498,347.9,1.357,1.3863
316,249.1,0.0,98.8,158.1,12.8,987.8,889.0,100,51.06,0.6347,347.9,1.1111,4.6151
317,230.0,0.0,118.3,195.5,4.6,1029.4,758.6,28,24.48,0.85,348.3,1.357,3.3673
318,366.0,187.0,0.0,191.0,7.0,824.0,757.0,28,65.91,0.5218,553.0,1.0885,3.3673
319,289.0,0.0,0.0,192.0,0.0,913.2,895.3,28,25.57,0.6643,289.0,1.02,3.3673
320,355.0,19.0,97.0,145.0,13.1,967.0,871.0,28,44.03,0.4084,471.0,1.1102,3.3673
321,168.0,42.1,163.8,121.8,5.7,1058.7,780.1,56,32.85,0.725,373.9,1.3571,4.0431
322,151.0,0.0,185.0,167.0,16.0,1074.0,678.0,28,13.46,1.1059,336.0,1.584,3.3673
323,310.0,0.0,0.0,192.0,0.0,970.0,850.0,360,38.11,0.6193,310.0,1.1412,5.8889
325,362.6,189.0,0.0,164.9,11.6,944.7,755.8,91,79.3,0.4548,551.6,1.2499,4.5218
326,148.1,0.0,182.1,181.4,15.0,838.9,884.3,28,15.53,1.2248,330.2,0.9486,3.3673
327,165.0,128.5,132.1,175.1,8.1,1005.8,746.6,28,46.39,1.0611,425.6,1.3472,3.3673
328,151.6,0.0,111.9,184.4,7.9,992.0,815.9,28,12.18,1.2163,263.5,1.2158,3.3673
329,202.0,11.0,141.0,206.0,1.7,942.0,801.0,3,9.85,1.0198,354.0,1.176,1.3863
330,213.5,0.0,174.2,154.6,11.7,1052.3,775.5,14,33.7,0.7241,387.7,1.3569,2.7081
331,202.0,11.0,141.0,206.0,1.7,942.0,801.0,56,23.25,1.0198,354.0,1.176,4.0431
332,380.0,95.0,0.0,228.0,0.0,932.0,594.0,28,36.45,0.6,475.0,1.569,3.3673
333,362.6,189.0,0.0,164.9,11.6,944.7,755.8,56,77.3,0.4548,551.6,1.2499,4.0431
334,153.1,145.0,113.0,178.5,8.0,1001.9,688.7,28,25.56,1.1658,411.1,1.4547,3.3673
335,313.8,0.0,112.6,169.9,10.1,925.3,782.9,28,38.46,0.5414,426.4,1.1819,3.3673
337,255.0,0.0,0.0,192.0,0.0,889.8,945.0,90,21.86,0.7529,255.0,0.9416,4.5109
338,173.8,93.4,159.9,172.3,9.7,1007.2,746.6,28,37.81,0.9913,427.1,1.349,3.3673
339,252.0,0.0,0.0,185.0,0.0,1111.0,784.0,28,19.69,0.7341,252.0,1.4171,3.3673
340,150.0,237.0,0.0,174.0,12.0,1069.0,675.0,28,37.43,1.1599,387.0,1.5837,3.3673
341,218.9,0.0,124.1,158.5,11.3,1078.7,794.9,14,26.05,0.724,343.0,1.357,2.7081
342,339.0,0.0,0.0,197.0,0.0,968.0,781.0,365,38.89,0.5811,339.0,1.2394,5.9026
343,143.8,136.3,106.2,178.1,7.5,941.5,774.3,28,26.15,1.2384,386.3,1.2159,3.3673
344,252.5,0.0,0.0,185.7,0.0,1111.6,784.3,7,11.48,0.7354,252.5,1.4173,2.0794
345,146.0,230.0,0.0,202.0,3.0,827.0,872.0,28,33.06,1.3835,376.0,0.9484,3.3673
346,238.2,158.8,0.0,185.7,0.0,1040.6,734.3,7,15.69,0.7796,397.0,1.4171,2.0794
347,540.0,0.0,0.0,173.0,0.0,1125.0,613.0,28,67.31,0.3204,540.0,1.8352,3.3673
348,237.0,92.0,71.0,247.0,6.0,853.0,695.0,28,28.63,1.0422,400.0,1.2273,3.3673
349,289.0,0.0,0.0,192.0,0.0,913.2,895.3,90,32.07,0.6643,289.0,1.02,4.5109
350,160.0,250.0,0.0,168.0,12.0,1049.0,688.0,28,39.45,1.0499,410.0,1.5247,3.3673
352,450.1,50.0,0.0,200.0,3.0,1124.4,613.2,28,39.38,0.4443,500.1,1.8336,3.3673
353,350.0,0.0,0.0,203.0,0.0,974.0,775.0,28,27.34,0.58,350.0,1.2568,3.3673
354,230.0,0.0,118.3,195.5,4.6,1029.4,758.6,56,31.54,0.85,348.3,1.357,4.0431
355,531.3,0.0,0.0,141.8,28.2,852.1,893.7,3,41.3,0.2669,531.3,0.9534,1.3863
356,531.3,0.0,0.0,141.8,28.2,852.1,893.7,56,58.8,0.2669,531.3,0.9534,4.0431
357,290.4,0.0,96.2,168.1,9.4,961.2,865.0,56,45.08,0.5788,386.6,1.1112,4.0431
359,218.2,54.6,123.8,140.8,11.9,1075.7,792.7,28,55.51,0.6452,396.6,1.357,3.3673
360,436.0,0.0,0.0,218.0,0.0,838.4,719.7,28,23.85,0.5,436.0,1.1649,3.3673
361,359.0,19.0,141.0,154.0,10.9,942.0,801.0,56,68.75,0.429,519.0,1.176,4.0431
362,380.0,0.0,0.0,228.0,0.0,932.0,670.0,180,53.1,0.6,380.0,1.391,5.1985
363,212.0,141.3,0.0,203.5,0.0,973.4,750.0,7,15.03,0.9599,353.3,1.2978,2.0794
365,238.1,0.0,0.0,185.7,0.0,1118.8,789.3,28,17.58,0.7799,238.1,1.4174,3.3673
368,203.5,135.7,0.0,185.7,0.0,1076.2,759.3,7,11.96,0.9125,339.2,1.4173,2.0794
369,525.0,0.0,0.0,189.0,0.0,1125.0,613.0,270,67.11,0.36,525.0,1.8352,5.6021
370,540.0,0.0,0.0,162.0,2.5,1040.0,676.0,28,79.99,0.3,540.0,1.5384,3.3673
371,446.0,24.0,79.0,162.0,11.6,967.0,712.0,3,23.35,0.3632,549.0,1.3581,1.3863
372,251.8,0.0,99.9,146.1,12.4,1006.0,899.8,28,33.94,0.5802,351.7,1.118,3.3673
373,238.0,0.0,0.0,186.0,0.0,1119.0,789.0,28,17.54,0.7815,238.0,1.4182,3.3673
374,220.8,147.2,0.0,185.7,0.0,1055.0,744.3,7,13.09,0.841,368.0,1.4174,2.0794
375,475.0,0.0,59.0,142.0,1.9,1098.0,641.0,28,57.23,0.2989,534.0,1.7129,3.3673
377,145.7,172.6,0.0,181.9,3.4,985.8,816.8,28,23.74,1.2484,318.3,1.2069,3.3673
379,425.0,106.3,0.0,153.5,16.5,852.1,887.1,91,65.2,0.3612,531.3,0.9605,4.5218
380,531.3,0.0,0.0,141.8,28.2,852.1,893.7,28,56.4,0.2669,531.3,0.9534,3.3673
381,192.0,288.0,0.0,192.0,0.0,929.8,716.1,3,12.79,0.9999,480.0,1.2984,1.3863
382,148.5,139.4,108.6,192.7,6.1,892.4,780.0,28,23.7,1.2976,396.5,1.1441,3.3673
384,145.9,230.5,0.0,202.5,3.4,827.0,871.8,28,32.72,1.3878,376.4,0.9486,3.3673
386,155.2,183.9,143.2,193.8,9.2,879.6,698.5,28,28.99,1.2486,482.3,1.2593,3.3673
387,389.9,189.0,0.0,145.9,22.0,944.7,755.8,91,82.6,0.3742,578.9,1.2499,4.5218
388,218.2,54.6,123.8,140.8,11.9,1075.7,792.7,100,63.53,0.6452,396.6,1.357,4.6151
391,485.0,0.0,0.0,146.0,0.0,1120.0,800.0,28,71.99,0.301,485.0,1.4,3.3673
392,182.0,45.2,122.0,170.2,8.2,1059.4,780.7,28,31.27,0.9351,349.2,1.357,3.3673
393,379.5,151.2,0.0,153.9,15.9,1134.3,605.0,28,52.2,0.4055,530.7,1.8748,3.3673
394,290.4,0.0,96.2,168.1,9.4,961.2,865.0,14,34.67,0.5788,386.6,1.1112,2.7081
397,475.0,118.8,0.0,181.1,8.9,852.1,781.5,56,72.3,0.3813,593.8,1.0903,4.0431
398,336.0,0.0,0.0,182.0,3.0,986.0,817.0,28,44.86,0.5417,336.0,1.2068,3.3673
399,298.2,0.0,107.0,209.7,11.1,879.6,744.2,28,31.88,0.7032,405.2,1.1819,3.3673
400,153.0,102.0,0.0,192.0,0.0,888.0,943.1,3,4.78,1.2548,255.0,0.9416,1.3863
402,167.0,75.4,167.0,164.0,7.9,1007.3,770.1,56,53.46,0.982,409.4,1.308,4.0431
404,427.5,47.5,0.0,228.0,0.0,932.0,594.0,28,37.43,0.5333,475.0,1.569,3.3673
406,233.8,0.0,94.6,197.9,4.6,947.0,852.2,100,34.56,0.8464,328.4,1.1112,4.6151
407,213.5,0.0,174.2,159.2,11.7,1043.6,771.9,14,29.59,0.7456,387.7,1.352,2.7081
409,272.8,105.1,81.8,209.7,9.0,904.0,679.7,28,37.17,0.7687,459.7,1.33,3.3673
410,425.0,106.3,0.0,153.5,16.5,852.1,887.1,91,65.2,0.3612,531.3,0.9605,4.5218
413,318.8,212.5,0.0,155.7,14.3,852.1,880.4,91,68.1,0.4884,531.3,0.9678,4.5218
414,380.0,95.0,0.0,228.0,0.0,932.0,594.0,365,43.7,0.6,475.0,1.569,5.9026
415,385.0,0.0,0.0,186.0,0.0,966.0,763.0,3,14.7,0.4831,385.0,1.266,1.3863
416,284.0,15.0,141.0,179.0,5.5,842.0,801.0,28,43.73,0.6303,440.0,1.0512,3.3673
417,288.0,192.0,0.0,192.0,0.0,932.0,717.8,28,38.8,0.6666,480.0,1.2984,3.3673
418,425.0,106.3,0.0,151.4,18.6,936.0,803.7,3,36.3,0.3562,531.3,1.1646,1.3863
419,157.0,236.0,0.0,192.0,0.0,935.4,781.2,3,9.69,1.2229,393.0,1.1974,1.3863
420,183.9,122.6,0.0,203.5,0.0,959.2,800.0,90,32.53,1.1065,306.5,1.199,4.5109
421,213.8,98.1,24.5,181.7,6.7,1066.0,785.5,100,49.97,0.8498,336.4,1.3571,4.6151
422,469.0,117.2,0.0,137.8,32.2,852.1,840.5,56,69.3,0.2938,586.2,1.0138,4.0431
423,322.0,0.0,0.0,203.0,0.0,974.0,800.0,180,29.59,0.6304,322.0,1.2175,5.1985
424,213.8,98.1,24.5,181.7,6.7,1066.0,785.5,3,13.18,0.8498,336.4,1.3571,1.3863
425,166.1,0.0,163.3,176.5,4.5,1058.6,780.1,14,25.48,1.0625,329.4,1.357,2.7081
426,190.3,0.0,125.2,161.9,9.9,1088.1,802.6,3,9.45,0.8507,315.5,1.3557,1.3863
428,362.6,189.0,0.0,164.9,11.6,944.7,755.8,28,71.3,0.4548,551.6,1.2499,3.3673
429,159.1,186.7,0.0,175.6,11.3,989.6,788.9,28,32.77,1.1036,345.8,1.2544,3.3673
430,251.4,0.0,118.3,192.9,5.8,1043.6,754.3,56,39.27,0.7673,369.7,1.3835,4.0431
431,192.0,288.0,0.0,192.0,0.0,929.8,716.1,90,50.73,0.9999,480.0,1.2984,4.5109
432,167.4,129.9,128.6,175.5,7.8,1006.3,746.6,14,31.81,1.0483,425.9,1.3478,2.7081
433,222.4,0.0,96.7,189.3,4.5,967.1,870.3,14,24.45,0.8511,319.1,1.1112,2.7081
434,427.5,47.5,0.0,228.0,0.0,932.0,594.0,365,43.7,0.5333,475.0,1.569,5.9026
435,375.0,0.0,0.0,186.0,0.0,1038.0,758.0,28,38.21,0.496,375.0,1.3694,3.3673
436,379.5,151.2,0.0,153.9,15.9,1134.3,605.0,7,47.1,0.4055,530.7,1.8748,2.0794
438,475.0,0.0,0.0,228.0,0.0,932.0,594.0,365,41.93,0.48,475.0,1.569,5.9026
439,172.4,13.6,172.4,156.8,4.1,1006.3,856.4,56,35.85,0.9095,358.4,1.175,4.0431
440,382.0,0.0,0.0,186.0,0.0,1047.0,739.0,28,37.42,0.4869,382.0,1.4168,3.3673
442,260.0,101.0,78.0,171.0,10.0,936.0,763.0,28,49.77,0.6577,439.0,1.2267,3.3673
443,167.4,129.9,128.6,175.5,7.8,1006.3,746.6,28,41.2,1.0483,425.9,1.3478,3.3673
447,480.0,0.0,0.0,192.0,0.0,936.0,721.0,3,24.39,0.4,480.0,1.2982,1.3863
448,145.4,0.0,178.9,201.7,7.8,824.0,868.7,28,10.54,1.3871,324.3,0.9485,3.3673
449,149.0,153.0,194.0,192.0,8.0,935.0,623.0,28,24.58,1.2885,496.0,1.5008,3.3673
450,330.5,169.6,0.0,194.9,8.1,811.0,802.3,28,56.62,0.5897,500.1,1.0108,3.3673
451,275.1,0.0,121.4,159.5,9.9,1053.6,777.5,100,58.61,0.5798,396.5,1.3551,4.6151
452,190.0,190.0,0.0,228.0,0.0,932.0,670.0,180,46.93,1.1999,380.0,1.391,5.1985
454,480.0,0.0,0.0,192.0,0.0,936.2,712.2,90,54.32,0.4,480.0,1.3145,4.5109
455,309.9,142.8,111.2,167.8,22.1,913.9,651.2,28,38.22,0.5414,563.9,1.4034,3.3673
456,116.0,173.0,0.0,192.0,0.0,909.8,891.9,90,31.02,1.655,289.0,1.0201,4.5109
457,150.0,236.8,0.0,173.8,11.9,1069.3,674.8,28,37.43,1.1586,386.8,1.5846,3.3673
458,212.0,0.0,124.8,159.0,7.8,1085.4,799.5,3,19.52,0.75,336.8,1.3576,1.3863
459,150.7,0.0,185.3,166.7,15.6,1074.5,678.0,28,13.46,1.1061,336.0,1.5848,3.3673
460,480.0,0.0,0.0,192.0,0.0,936.0,721.0,28,43.89,0.4,480.0,1.2982,3.3673
461,192.0,288.0,0.0,192.0,0.0,929.8,716.1,7,21.48,0.9999,480.0,1.2984,2.0794
462,251.4,0.0,118.3,192.9,5.8,1043.6,754.3,28,33.27,0.7673,369.7,1.3835,3.3673
463,200.0,200.0,0.0,190.0,0.0,1145.0,660.0,28,49.25,0.95,400.0,1.7348,3.3673
465,387.0,20.0,94.0,157.0,13.9,938.0,845.0,56,47.97,0.4057,501.0,1.11,4.0431
466,380.0,95.0,0.0,228.0,0.0,932.0,594.0,90,40.56,0.6,475.0,1.569,4.5109
468,284.0,15.0,141.0,179.0,5.5,842.0,801.0,56,44.52,0.6303,440.0,1.0512,4.0431
470,446.0,24.0,79.0,162.0,11.6,967.0,712.0,7,38.02,0.3632,549.0,1.3581,2.0794
472,362.6,189.0,0.0,164.9,11.6,944.7,755.8,3,35.3,0.4548,551.6,1.2499,1.3863
474,446.0,24.0,79.0,162.0,11.6,967.0,712.0,56,55.25,0.3632,549.0,1.3581,4.0431
476,181.4,0.0,167.0,169.6,7.6,1055.6,777.8,14,21.6,0.9349,348.4,1.3571,2.7081
477,218.2,54.6,123.8,140.8,11.9,1075.7,792.7,14,35.96,0.6452,396.6,1.357,2.7081
479,277.0,0.0,0.0,191.0,0.0,968.0,856.0,14,21.26,0.6895,277.0,1.1308,2.7081
480,251.4,0.0,118.3,188.5,5.8,1028.4,757.7,100,43.58,0.7498,369.7,1.3572,4.6151
481,427.5,47.5,0.0,228.0,0.0,932.0,594.0,270,43.01,0.5333,475.0,1.569,5.6021
482,362.6,189.0,0.0,164.9,11.6,944.7,755.8,91,79.3,0.4548,551.6,1.2499,4.5218
483,214.9,53.8,121.9,155.6,9.6,1014.3,780.6,100,56.63,0.724,390.6,1.2994,4.6151
484,359.0,19.0,141.0,154.0,10.9,942.0,801.0,7,35.75,0.429,519.0,1.176,2.0794
486,166.1,0.0,163.3,176.5,4.5,1058.6,780.1,100,33.54,1.0625,329.4,1.357,4.6151
487,339.0,0.0,0.0,197.0,0.0,968.0,781.0,7,20.97,0.5811,339.0,1.2394,2.0794
490,295.8,0.0,0.0,185.7,0.0,1091.4,769.3,28,25.22,0.6278,295.8,1.4187,3.3673
491,387.0,20.0,94.0,157.0,13.9,938.0,845.0,28,46.68,0.4057,501.0,1.11,3.3673
492,173.8,93.4,159.9,172.3,9.7,1007.2,746.6,100,50.94,0.9913,427.1,1.349,4.6151
493,154.0,174.0,185.0,228.0,7.0,845.0,612.0,28,24.34,1.4804,513.0,1.3807,3.3673
494,300.0,0.0,0.0,184.0,0.0,1075.0,795.0,28,26.85,0.6133,300.0,1.3522,3.3673
495,379.5,151.2,0.0,153.9,15.9,1134.3,605.0,91,56.5,0.4055,530.7,1.8748,4.5218
496,116.0,173.0,0.0,192.0,0.0,909.8,891.9,28,22.35,1.655,289.0,1.0201,3.3673
497,166.8,250.2,0.0,203.5,0.0,975.6,692.6,28,33.95,1.22,417.0,1.4086,3.3673
500,289.0,0.0,0.0,192.0,0.0,913.2,895.3,7,14.6,0.6643,289.0,1.02,2.0794
501,334.0,17.6,158.0,189.0,15.3,967.0,633.0,28,44.33,0.5659,509.6,1.5276,3.3673
502,313.3,262.2,0.0,175.5,8.6,1046.9,611.8,91,66.6,0.5601,575.5,1.7112,4.5218
504,157.0,236.0,0.0,192.0,0.0,935.4,781.2,28,33.66,1.2229,393.0,1.1974,3.3673
505,136.0,162.0,126.0,172.0,10.0,923.0,764.0,28,29.07,1.2646,424.0,1.2081,3.3673
509,375.0,93.8,0.0,126.6,23.4,852.1,992.6,3,29.0,0.3376,468.8,0.8584,1.3863
510,289.0,134.0,0.0,195.0,6.0,924.0,760.0,28,46.24,0.6747,423.0,1.2158,3.3673
511,389.9,189.0,0.0,145.9,22.0,944.7,755.8,7,59.09,0.3742,578.9,1.2499,2.0794
514,362.6,189.0,0.0,164.9,11.6,944.7,755.8,7,22.9,0.4548,551.6,1.2499,2.0794
515,194.7,0.0,100.5,170.2,7.5,998.0,901.8,3,12.18,0.8741,295.2,1.1067,1.3863
516,439.0,177.0,0.0,186.0,11.1,884.9,707.9,3,39.3,0.4237,616.0,1.25,1.3863
519,275.0,0.0,0.0,183.0,0.0,1088.0,808.0,7,14.2,0.6654,275.0,1.3465,2.0794
520,102.0,153.0,0.0,192.0,0.0,887.0,942.0,7,7.68,1.8822,255.0,0.9416,2.0794
521,198.6,132.4,0.0,192.0,0.0,978.4,825.5,28,28.02,0.9667,331.0,1.1852,3.3673
525,475.0,118.8,0.0,181.1,8.9,852.1,781.5,91,74.19,0.3813,593.8,1.0903,4.5218
526,213.5,0.0,174.2,159.2,11.7,1043.6,771.9,3,15.61,0.7456,387.7,1.352,1.3863
527,331.0,0.0,0.0,192.0,0.0,978.0,825.0,90,37.23,0.58,331.0,1.1854,4.5109
528,173.8,93.4,159.9,172.3,9.7,1007.2,746.6,14,29.55,0.9913,427.1,1.349,2.7081
533,212.5,0.0,100.4,159.3,8.7,1007.8,903.6,56,42.55,0.7496,312.9,1.1153,4.0431
534,275.1,0.0,121.4,159.5,9.9,1053.6,777.5,14,38.77,0.5798,396.5,1.3551,2.7081
537,252.3,0.0,98.8,146.3,14.2,987.8,889.0,3,21.78,0.5798,351.1,1.1111,1.3863
538,349.0,0.0,0.0,192.0,0.0,1047.0,806.0,28,32.72,0.5501,349.0,1.299,3.3673
539,166.1,0.0,163.3,176.5,4.5,1058.6,780.1,56,28.63,1.0625,329.4,1.357,4.0431
541,469.0,117.2,0.0,137.8,32.2,852.1,840.5,7,54.9,0.2938,586.2,1.0138,2.0794
542,284.0,15.0,141.0,179.0,5.5,842.0,801.0,7,24.13,0.6303,440.0,1.0512,2.0794
543,139.6,209.4,0.0,192.0,0.0,1047.0,806.9,3,8.06,1.3753,349.0,1.2975,1.3863
544,277.2,97.8,24.5,160.7,11.2,1061.7,782.5,28,63.14,0.5797,399.5,1.3568,3.3673
545,183.9,122.6,0.0,203.5,0.0,959.2,800.0,7,10.79,1.1065,306.5,1.199,2.0794
546,313.0,161.0,0.0,178.0,10.0,917.0,759.0,28,52.44,0.5687,474.0,1.2082,3.3673
547,297.2,0.0,117.5,174.8,9.5,1022.8,753.5,14,36.99,0.5881,414.7,1.3574,2.7081
548,251.4,0.0,118.3,192.9,5.8,1043.6,754.3,14,20.73,0.7673,369.7,1.3835,2.7081
549,339.2,0.0,0.0,185.7,0.0,1069.2,754.3,7,21.18,0.5474,339.2,1.4175,2.0794
550,166.0,260.0,0.0,183.0,13.0,859.0,827.0,28,37.91,1.1023,426.0,1.0387,3.3673
552,238.0,0.0,0.0,186.0,0.0,1119.0,789.0,7,12.05,0.7815,238.0,1.4182,2.0794
553,374.0,189.2,0.0,170.1,10.1,926.1,756.7,7,46.2,0.4548,563.2,1.2239,2.0794
555,190.0,190.0,0.0,228.0,0.0,932.0,670.0,28,40.86,1.1999,380.0,1.391,3.3673
556,122.6,183.9,0.0,203.5,0.0,958.2,800.1,90,33.19,1.6597,306.5,1.1976,4.5109
557,181.4,0.0,167.0,169.6,7.6,1055.6,777.8,3,13.62,0.9349,348.4,1.3571,1.3863
558,304.0,140.0,0.0,214.0,6.0,895.0,722.0,28,33.42,0.7039,444.0,1.2396,3.3673
559,178.0,129.8,118.6,179.9,3.6,1007.3,746.8,28,39.16,1.0106,426.4,1.3488,3.3673
560,323.7,282.8,0.0,183.8,10.3,942.7,659.9,56,80.2,0.5678,606.5,1.4285,4.0431
561,475.0,118.8,0.0,181.1,8.9,852.1,781.5,3,37.8,0.3813,593.8,1.0903,1.3863
562,350.0,0.0,0.0,203.0,0.0,974.0,775.0,90,31.35,0.58,350.0,1.2568,4.5109
563,165.0,128.5,132.1,175.1,8.1,1005.8,746.6,56,53.72,1.0611,425.6,1.3472,4.0431
564,222.4,0.0,96.7,189.3,4.5,967.1,870.3,100,40.71,0.8511,319.1,1.1112,4.6151
565,231.8,0.0,121.6,174.0,6.7,1056.4,778.5,28,33.73,0.7506,353.4,1.357,3.3673
566,213.8,98.1,24.5,181.7,6.7,1066.0,785.5,28,40.23,0.8498,336.4,1.3571,3.3673
567,387.0,20.0,94.0,157.0,11.6,938.0,845.0,28,46.68,0.4057,501.0,1.11,3.3673
569,313.3,262.2,0.0,175.5,8.6,1046.9,611.8,28,59.8,0.5601,575.5,1.7112,3.3673
570,160.0,188.0,146.0,203.0,11.0,829.0,710.0,28,32.84,1.2687,494.0,1.1676,3.3673
571,424.0,22.0,132.0,168.0,8.9,822.0,750.0,3,32.11,0.3962,578.0,1.096,1.3863
572,193.5,290.2,0.0,185.7,0.0,998.2,704.3,7,17.2,0.9596,483.7,1.4173,2.0794
573,522.0,0.0,0.0,146.0,0.0,896.0,896.0,7,50.51,0.2797,522.0,1.0,2.0794
576,446.0,24.0,79.0,162.0,11.6,967.0,712.0,28,51.02,0.3632,549.0,1.3581,3.3673
578,198.6,132.4,0.0,192.0,0.0,978.4,825.5,3,9.13,0.9667,331.0,1.1852,1.3863
579,250.2,166.8,0.0,203.5,0.0,977.6,694.1,3,9.73,0.8133,417.0,1.4084,1.3863
580,153.1,145.0,113.0,178.5,8.0,867.2,824.0,28,26.23,1.1658,411.1,1.0524,3.3673
582,212.0,0.0,124.8,159.0,7.8,1085.4,799.5,100,47.82,0.75,336.8,1.3576,4.6151
583,349.0,0.0,0.0,192.0,0.0,1047.0,806.9,3,15.05,0.5501,349.0,1.2975,1.3863
584,213.5,0.0,174.2,154.6,11.7,1052.3,775.5,3,17.37,0.7241,387.7,1.3569,1.3863
585,194.7,0.0,100.5,165.6,7.5,1006.4,905.9,14,24.99,0.8505,295.2,1.1109,2.7081
586,531.3,0.0,0.0,141.8,28.2,852.1,893.7,7,46.9,0.2669,531.3,0.9534,2.0794
587,276.0,116.0,90.0,180.0,9.0,870.0,768.0,28,44.28,0.6522,482.0,1.1328,3.3673
588,310.0,0.0,0.0,192.0,0.0,1012.0,830.0,3,11.85,0.6193,310.0,1.2193,1.3863
589,385.0,0.0,0.0,186.0,0.0,966.0,763.0,28,31.35,0.4831,385.0,1.266,3.3673
590,212.6,0.0,100.4,159.4,10.4,1003.8,903.8,100,47.74,0.7497,313.0,1.1106,4.6151
591,194.7,0.0,100.5,170.2,7.5,998.0,901.8,28,37.27,0.8741,295.2,1.1067,3.3673
592,122.6,183.9,0.0,203.5,0.0,958.2,800.1,3,3.32,1.6597,306.5,1.1976,1.3863
593,277.1,0.0,97.4,160.6,11.8,973.9,875.6,3,23.14,0.5796,374.5,1.1123,1.3863
595,236.0,0.0,0.0,193.0,0.0,968.0,885.0,7,9.99,0.8178,236.0,1.0938,2.0794
596,160.2,188.0,146.4,203.2,11.3,828.7,709.7,28,35.31,1.2683,494.6,1.1677,3.3673
597,425.0,106.3,0.0,153.5,16.5,852.1,887.1,56,64.3,0.3612,531.3,0.9605,4.0431
598,388.6,97.1,0.0,157.9,12.1,852.1,925.7,28,50.7,0.4063,485.7,0.9205,3.3673
599,525.0,0.0,0.0,189.0,0.0,1125.0,613.0,14,48.4,0.36,525.0,1.8352,2.7081
600,326.0,166.0,0.0,174.0,9.0,882.0,790.0,28,61.23,0.5337,492.0,1.1164,3.3673
601,332.5,142.5,0.0,228.0,0.0,932.0,594.0,180,39.78,0.6857,475.0,1.569,5.1985
602,213.5,0.0,174.2,154.6,11.7,1052.3,775.5,100,59.3,0.7241,387.7,1.3569,4.6151
603,154.8,0.0,142.8,193.3,9.1,1047.4,696.7,28,12.46,1.2486,297.6,1.5034,3.3673
604,425.0,106.3,0.0,151.4,18.6,936.0,803.7,56,64.9,0.3562,531.3,1.1646,4.0431
605,251.4,0.0,118.3,192.9,5.8,1043.6,754.3,100,40.15,0.7673,369.7,1.3835,4.6151
606,234.0,156.0,0.0,189.0,5.9,981.0,760.0,28,39.3,0.8077,390.0,1.2908,3.3673
607,102.0,153.0,0.0,192.0,0.0,887.0,942.0,90,25.46,1.8822,255.0,0.9416,4.5109
608,249.1,0.0,98.8,158.1,12.8,987.8,889.0,14,28.68,0.6347,347.9,1.1111,2.7081
609,475.0,0.0,0.0,228.0,0.0,932.0,594.0,180,42.62,0.48,475.0,1.569,5.1985
610,151.0,0.0,184.0,167.0,12.0,991.0,772.0,28,15.57,1.1059,335.0,1.2837,3.3673
611,149.5,236.0,0.0,175.8,12.6,846.8,892.7,28,32.96,1.1758,385.5,0.9486,3.3673
612,305.0,0.0,100.0,196.0,10.0,959.0,705.0,28,30.12,0.6426,405.0,1.3603,3.3673
613,165.0,128.5,132.1,175.1,8.1,1005.8,746.6,3,19.42,1.0611,425.6,1.3472,1.3863
616,475.0,0.0,0.0,228.0,0.0,932.0,594.0,90,42.23,0.48,475.0,1.569,4.5109
617,362.6,189.0,0.0,164.9,11.6,944.7,755.8,91,79.3,0.4548,551.6,1.2499,4.5218
619,313.3,0.0,113.0,178.5,8.0,1001.9,688.7,28,36.8,0.5697,426.3,1.4547,3.3673
620,108.3,162.4,0.0,203.5,0.0,938.2,849.0,7,7.72,1.8789,270.7,1.1051,2.0794
621,331.0,0.0,0.0,192.0,0.0,978.0,825.0,7,16.26,0.58,331.0,1.1854,2.0794
622,149.0,118.0,92.0,183.0,7.0,953.0,780.0,28,23.52,1.2281,359.0,1.2218,3.3673
623,379.5,151.2,0.0,153.9,15.9,1134.3,605.0,56,54.9,0.4055,530.7,1.8748,4.0431
624,181.4,0.0,167.0,169.6,7.6,1055.6,777.8,56,35.57,0.9349,348.4,1.3571,4.0431
625,225.0,0.0,0.0,181.0,0.0,1113.0,833.0,28,17.34,0.8044,225.0,1.3361,3.3673
626,381.4,0.0,0.0,185.7,0.0,1104.6,784.3,28,22.49,0.4869,381.4,1.4084,3.3673
627,382.0,0.0,0.0,186.0,0.0,1111.0,784.0,7,11.47,0.4869,382.0,1.4171,2.0794
628,342.0,38.0,0.0,228.0,0.0,932.0,670.0,365,56.14,0.6666,380.0,1.391,5.9026
629,318.8,212.5,0.0,155.7,14.3,852.1,880.4,28,55.5,0.4884,531.3,0.9678,3.3673
630,249.1,0.0,98.8,158.1,12.8,987.8,889.0,56,42.03,0.6347,347.9,1.1111,4.0431
632,143.6,0.0,174.9,158.4,17.9,942.7,844.5,28,15.42,1.103,318.5,1.1163,3.3673
633,164.6,0.0,150.4,181.6,11.7,1023.3,728.9,28,18.03,1.1032,315.0,1.4039,3.3673
634,233.8,0.0,94.6,197.9,4.6,947.0,852.2,14,22.14,0.8464,328.4,1.1112,2.7081
635,337.9,189.0,0.0,174.9,9.5,944.7,755.8,7,35.1,0.5176,526.9,1.2499,2.0794
636,350.0,0.0,0.0,186.0,0.0,1050.0,770.0,28,34.29,0.5314,350.0,1.3636,3.3673
637,236.0,0.0,0.0,194.0,0.0,968.0,885.0,14,12.84,0.822,236.0,1.0938,2.7081
638,439.0,177.0,0.0,186.0,11.1,884.9,707.9,91,73.3,0.4237,616.0,1.25,4.5218
639,290.4,0.0,96.2,168.1,9.4,961.2,865.0,28,34.74,0.5788,386.6,1.1112,3.3673
640,349.0,0.0,0.0,192.0,0.0,1047.0,806.0,90,39.49,0.5501,349.0,1.299,4.5109
641,397.0,0.0,0.0,186.0,0.0,1040.0,734.0,28,36.94,0.4685,397.0,1.4169,3.3673
642,540.0,0.0,0.0,173.0,0.0,1125.0,613.0,90,69.66,0.3204,540.0,1.8352,4.5109
643,141.3,212.0,0.0,203.5,0.0,971.8,748.5,90,39.66,1.4401,353.3,1.2983,4.5109
644,349.0,0.0,0.0,192.0,0.0,1047.0,806.0,360,42.13,0.5501,349.0,1.299,5.8889
646,218.9,0.0,124.1,158.5,11.3,1078.7,794.9,56,37.27,0.724,343.0,1.357,4.0431
647,427.5,47.5,0.0,228.0,0.0,932.0,594.0,7,35.08,0.5333,475.0,1.569,2.0794
648,139.9,132.6,103.3,200.3,7.4,916.0,753.4,28,36.44,1.4316,375.8,1.2158,3.3673
649,362.6,189.0,0.0,164.9,11.6,944.7,755.8,56,77.3,0.4548,551.6,1.2499,4.0431
650,284.0,119.7,0.0,168.3,7.2,970.4,794.2,28,40.93,0.5926,403.7,1.2218,3.3673
651,531.3,0.0,0.0,141.8,28.2,852.1,893.7,91,59.2,0.2669,531.3,0.9534,4.5218
652,139.6,209.4,0.0,192.0,0.0,1047.0,806.9,90,39.36,1.3753,349.0,1.2975,4.5109
653,424.0,22.0,132.0,178.0,8.5,822.0,750.0,56,65.7,0.4198,578.0,1.096,4.0431
654,237.5,237.5,0.0,228.0,0.0,932.0,594.0,7,26.26,0.96,475.0,1.569,2.0794
655,355.9,0.0,141.6,193.3,11.0,801.4,778.4,28,40.87,0.5431,497.5,1.0295,3.3673
656,313.0,0.0,113.0,178.0,8.0,1002.0,689.0,28,36.8,0.5687,426.0,1.4543,3.3673
657,202.0,11.0,141.0,206.0,1.7,942.0,801.0,28,21.97,1.0198,354.0,1.176,3.3673
658,116.0,173.0,0.0,192.0,0.0,909.8,891.9,7,10.09,1.655,289.0,1.0201,2.0794
659,446.0,24.0,79.0,162.0,11.6,967.0,712.0,7,39.3,0.3632,549.0,1.3581,2.0794
660,251.4,0.0,118.3,188.5,6.4,1028.4,757.7,100,44.21,0.7498,369.7,1.3572,4.6151
662,265.0,111.0,86.0,195.0,6.0,833.0,790.0,28,41.54,0.7358,462.0,1.0544,3.3673
663,168.0,42.1,163.8,121.8,5.7,1058.7,780.1,14,17.82,0.725,373.9,1.3571,2.7081
664,380.0,95.0,0.0,228.0,0.0,932.0,594.0,270,41.15,0.6,475.0,1.569,5.6021
665,310.0,0.0,0.0,192.0,0.0,970.0,850.0,180,37.33,0.6193,310.0,1.1412,5.1985
666,173.5,50.1,173.5,164.8,6.5,1006.2,793.5,28,38.2,0.9498,397.1,1.268,3.3673
667,151.8,178.1,138.7,167.5,18.3,944.0,694.6,28,36.35,1.1034,468.6,1.359,3.3673
668,214.9,53.8,121.9,155.6,9.6,1014.3,780.6,3,18.02,0.724,390.6,1.2994,1.3863
669,213.7,98.1,24.5,181.7,6.9,1065.8,785.4,3,18.0,0.8502,336.3,1.357,1.3863
670,332.5,142.5,0.0,228.0,0.0,932.0,594.0,90,37.72,0.6857,475.0,1.569,4.5109
672,155.6,243.5,0.0,180.3,10.7,1022.0,697.7,28,37.36,1.1587,399.1,1.4648,3.3673
673,376.0,0.0,0.0,214.6,0.0,1003.5,762.4,3,16.28,0.5707,376.0,1.3162,1.3863
674,194.7,0.0,100.5,170.2,7.5,998.0,901.8,100,44.28,0.8741,295.2,1.1067,4.6151
676,153.0,145.0,113.0,178.0,8.0,867.0,824.0,28,26.23,1.1633,411.0,1.0522,3.3673
677,349.0,0.0,0.0,192.0,0.0,1056.0,809.0,90,40.66,0.5501,349.0,1.3053,4.5109
681,145.0,0.0,134.0,181.0,11.0,979.0,812.0,28,13.2,1.2482,279.0,1.2057,3.3673
682,491.0,26.0,123.0,210.0,3.9,882.0,699.0,56,59.59,0.4277,640.0,1.2618,4.0431
683,287.3,120.5,93.9,187.6,9.2,904.4,695.9,28,43.8,0.653,501.7,1.2996,3.3673
685,203.5,135.7,0.0,185.7,0.0,1076.2,759.3,28,22.63,0.9125,339.2,1.4173,3.3673
686,317.9,0.0,126.5,209.7,5.7,860.5,736.6,28,40.06,0.6596,444.4,1.1682,3.3673
687,102.0,153.0,0.0,192.0,0.0,887.0,942.0,28,17.28,1.8822,255.0,0.9416,3.3673
688,374.0,189.2,0.0,170.1,10.1,926.1,756.7,91,64.9,0.4548,563.2,1.2239,4.5218
689,349.0,0.0,0.0,192.0,0.0,1056.0,809.0,7,9.01,0.5501,349.0,1.3053,2.0794
690,362.6,189.0,0.0,164.9,11.6,944.7,755.8,56,77.3,0.4548,551.6,1.2499,4.0431
691,305.3,203.5,0.0,203.5,0.0,965.4,631.0,90,54.6,0.6665,508.8,1.5299,4.5109
692,331.0,0.0,0.0,192.0,0.0,1025.0,821.0,120,39.38,0.58,331.0,1.2485,4.7958
693,331.0,0.0,0.0,192.0,0.0,978.0,825.0,28,31.45,0.58,331.0,1.1854,3.3673
694,362.6,189.0,0.0,164.9,11.6,944.7,755.8,7,55.9,0.4548,551.6,1.2499,2.0794
695,168.0,42.1,163.8,121.8,5.7,1058.7,780.1,28,24.24,0.725,373.9,1.3571,3.3673
696,122.6,183.9,0.0,203.5,0.0,958.2,800.1,7,10.35,1.6597,306.5,1.1976,2.0794
697,425.0,106.3,0.0,153.5,16.5,852.1,887.1,7,49.2,0.3612,531.3,0.9605,2.0794
698,178.0,129.8,118.6,179.9,3.6,1007.3,746.8,14,34.24,1.0106,426.4,1.3488,2.7081
699,165.0,0.0,143.6,163.8,0.0,1005.6,900.9,14,16.88,0.9927,308.6,1.1162,2.7081
700,296.0,0.0,0.0,192.0,0.0,1085.0,765.0,7,14.2,0.6486,296.0,1.4183,2.0794
701,381.4,0.0,0.0,185.7,0.0,1104.6,784.3,7,14.54,0.4869,381.4,1.4084,2.0794
702,310.0,0.0,0.0,192.0,0.0,970.0,850.0,28,27.92,0.6193,310.0,1.1412,3.3673
703,173.0,116.0,0.0,192.0,0.0,946.8,856.8,3,6.94,1.1098,289.0,1.105,1.3863
704,425.0,106.3,0.0,151.4,18.6,936.0,803.7,28,61.8,0.3562,531.3,1.1646,3.3673
706,401.8,94.7,0.0,147.4,11.4,946.8,852.1,56,73.7,0.3668,496.5,1.1111,4.0431
708,154.8,0.0,142.8,193.3,9.1,877.2,867.7,28,9.74,1.2486,297.6,1.0109,3.3673
709,212.1,0.0,121.6,180.3,5.7,1057.6,779.3,56,34.2,0.85,333.7,1.3571,4.0431
710,305.3,203.5,0.0,203.5,0.0,965.4,631.0,7,25.89,0.6665,508.8,1.5299,2.0794
711,136.0,196.0,98.0,199.0,6.0,847.0,783.0,28,26.97,1.4631,430.0,1.0817,3.3673
712,302.0,0.0,0.0,203.0,0.0,974.0,817.0,14,18.13,0.6722,302.0,1.1922,2.7081
713,266.0,114.0,0.0,228.0,0.0,932.0,670.0,28,45.85,0.8571,380.0,1.391,3.3673
714,289.0,133.7,0.0,194.9,5.5,924.1,760.1,28,46.25,0.6744,422.7,1.2157,3.3673
718,250.0,0.0,95.7,187.4,5.5,956.9,861.2,100,42.35,0.7496,345.7,1.1111,4.6151
719,290.4,0.0,96.2,168.1,9.4,961.2,865.0,100,48.97,0.5788,386.6,1.1112,4.6151
721,228.0,342.1,0.0,185.7,0.0,955.8,674.3,28,39.7,0.8144,570.1,1.4174,3.3673
722,307.0,0.0,0.0,193.0,0.0,968.0,812.0,3,12.54,0.6286,307.0,1.1921,1.3863
723,297.0,0.0,0.0,186.0,0.0,1040.0,734.0,7,30.96,0.6262,297.0,1.4169,2.0794
724,500.0,0.0,0.0,200.0,0.0,1125.0,613.0,28,44.09,0.4,500.0,1.8352,3.3673
726,236.0,0.0,0.0,193.0,0.0,968.0,885.0,365,25.08,0.8178,236.0,1.0938,5.9026
727,168.9,42.2,124.3,158.3,10.8,1080.8,796.2,56,39.15,0.9372,335.4,1.3574,4.0431
728,190.3,0.0,125.2,166.6,9.9,1079.0,798.9,3,12.55,0.8754,315.5,1.3506,1.3863
729,318.8,212.5,0.0,155.7,14.3,852.1,880.4,56,66.1,0.4884,531.3,0.9678,4.0431
730,525.0,0.0,0.0,189.0,0.0,1125.0,613.0,90,58.78,0.36,525.0,1.8352,4.5109
732,164.0,163.0,128.0,197.0,8.0,961.0,641.0,28,27.23,1.2011,455.0,1.4992,3.3673
733,393.0,0.0,0.0,192.0,0.0,940.6,785.6,7,27.74,0.4885,393.0,1.1973,2.0794
734,322.0,0.0,0.0,203.0,0.0,974.0,800.0,28,25.18,0.6304,322.0,1.2175,3.3673
736,250.2,166.8,0.0,203.5,0.0,977.6,694.1,28,36.96,0.8133,417.0,1.4084,3.3673
738,425.0,106.3,0.0,153.5,16.5,852.1,887.1,56,64.3,0.3612,531.3,0.9605,4.0431
739,540.0,0.0,0.0,173.0,0.0,1125.0,613.0,7,52.61,0.3204,540.0,1.8352,2.0794
740,314.0,145.3,113.2,178.9,8.0,869.1,690.2,28,46.23,0.5697,572.5,1.2592,3.3673
741,349.0,0.0,0.0,192.0,0.0,1047.0,806.0,3,14.99,0.5501,349.0,1.299,1.3863
742,108.3,162.4,0.0,203.5,0.0,938.2,849.0,90,29.23,1.8789,270.7,1.1051,4.5109
743,213.7,0.0,174.7,154.8,10.2,1053.5,776.4,100,50.08,0.7243,388.4,1.3569,4.6151
744,173.5,50.1,173.5,164.8,6.5,1006.2,793.5,100,56.06,0.9498,397.1,1.268,4.6151
746,222.4,0.0,96.7,189.3,4.5,967.1,870.3,28,24.89,0.8511,319.1,1.1112,3.3673
747,425.0,106.3,0.0,153.5,16.5,852.1,887.1,28,60.29,0.3612,531.3,0.9605,3.3673
749,236.0,0.0,0.0,194.0,0.0,968.0,885.0,90,21.95,0.822,236.0,1.0938,4.5109
750,375.0,93.8,0.0,126.6,23.4,852.1,992.6,56,60.2,0.3376,468.8,0.8584,4.0431
752,194.7,0.0,100.5,165.6,7.5,1006.4,905.9,56,33.96,0.8505,295.2,1.1109,4.0431
753,236.0,0.0,0.0,193.0,0.0,968.0,885.0,180,24.1,0.8178,236.0,1.0938,5.1985
754,251.4,0.0,118.3,188.5,6.4,1028.4,757.7,3,13.12,0.7498,369.7,1.3572,1.3863
755,182.0,45.2,122.0,170.2,8.2,1059.4,780.7,100,48.67,0.9351,349.2,1.357,4.6151
756,250.0,180.0,95.0,159.0,9.5,860.0,800.0,28,67.87,0.636,525.0,1.075,3.3673
757,469.0,117.2,0.0,137.8,32.2,852.1,840.5,28,66.9,0.2938,586.2,1.0138,3.3673
759,190.7,0.0,125.4,162.1,7.8,1090.0,804.0,56,35.34,0.85,316.1,1.3557,4.0431
760,167.0,75.4,167.0,164.0,7.9,1007.3,770.1,28,41.41,0.982,409.4,1.308,3.3673
761,238.1,0.0,94.1,186.7,7.0,949.9,847.0,28,30.23,0.7841,332.2,1.1215,3.3673
762,250.0,0.0,95.7,191.8,5.3,948.9,857.2,3,8.49,0.7672,345.7,1.107,1.3863
763,382.0,0.0,0.0,185.0,0.0,1047.0,739.0,28,37.42,0.4843,382.0,1.4168,3.3673
764,500.0,0.0,0.0,200.0,0.0,1125.0,613.0,90,47.22,0.4,500.0,1.8352,4.5109
765,312.9,160.5,0.0,177.6,9.6,916.6,759.5,28,52.45,0.5676,473.4,1.2068,3.3673
766,540.0,0.0,0.0,173.0,0.0,1125.0,613.0,3,41.64,0.3204,540.0,1.8352,1.3863
768,362.6,189.0,0.0,164.9,11.6,944.7,755.8,28,71.3,0.4548,551.6,1.2499,3.3673
770,285.0,190.0,0.0,163.0,7.6,1031.0,685.0,28,53.58,0.5719,475.0,1.5051,3.3673
772,252.0,0.0,0.0,185.0,0.0,1111.0,784.0,28,19.69,0.7341,252.0,1.4171,3.3673
773,349.0,0.0,0.0,192.0,0.0,1056.0,809.0,120,40.86,0.5501,349.0,1.3053,4.7958
774,148.1,0.0,136.6,158.1,16.1,1001.8,830.1,28,17.96,1.0674,284.7,1.2068,3.3673
775,166.1,0.0,163.3,176.5,4.5,1058.6,780.1,3,10.76,1.0625,329.4,1.357,1.3863
776,250.0,0.0,0.0,182.0,0.0,1100.0,820.0,7,12.73,0.728,250.0,1.3414,2.0794
777,152.7,144.7,0.0,178.1,8.0,999.7,822.2,28,19.01,1.1663,297.4,1.2159,3.3673
778,296.0,0.0,0.0,192.0,0.0,1085.0,765.0,90,29.39,0.6486,296.0,1.4183,4.5109
779,326.0,0.0,138.0,199.0,11.0,801.0,792.0,28,40.68,0.6104,464.0,1.0114,3.3673
780,149.0,117.6,91.7,182.9,7.1,953.4,780.3,28,23.52,1.2274,358.3,1.2218,3.3673
781,307.0,0.0,0.0,193.0,0.0,968.0,812.0,28,27.53,0.6286,307.0,1.1921,3.3673
782,261.0,100.0,78.0,201.0,9.0,864.0,761.0,28,32.4,0.7701,439.0,1.1353,3.3673
783,255.0,99.0,77.0,189.0,6.0,919.0,749.0,28,33.8,0.7411,431.0,1.227,3.3673
784,528.0,0.0,0.0,185.0,6.9,920.0,720.0,28,56.83,0.3504,528.0,1.2778,3.3673
786,424.0,22.0,132.0,168.0,8.9,822.0,750.0,28,72.1,0.3962,578.0,1.096,3.3673
787,212.0,0.0,124.8,159.0,7.8,1085.4,799.5,56,45.08,0.75,336.8,1.3576,4.0431
788,298.0,0.0,107.0,186.0,6.0,879.0,815.0,28,42.64,0.6241,405.0,1.0785,3.3673
790,387.0,20.0,94.0,157.0,11.6,938.0,845.0,56,61.46,0.4057,501.0,1.11,4.0431
791,439.0,177.0,0.0,186.0,11.1,884.9,707.9,7,56.1,0.4237,616.0,1.25,2.0794
792,212.0,141.3,0.0,203.5,0.0,973.4,750.0,3,6.81,0.9599,353.3,1.2978,1.3863
793,213.7,98.1,24.5,181.7,6.9,1065.8,785.4,56,50.77,0.8502,336.3,1.357,4.0431
794,155.0,183.0,0.0,193.0,9.0,877.0,868.0,28,23.79,1.2451,338.0,1.0104,3.3673
797,218.9,0.0,124.1,158.5,11.3,1078.7,794.9,100,46.23,0.724,343.0,1.357,4.6151
798,159.8,250.0,0.0,168.4,12.2,1049.3,688.2,28,39.46,1.0538,409.8,1.5247,3.3673
800,213.7,98.1,24.5,181.7,6.9,1065.8,785.4,100,53.9,0.8502,336.3,1.357,4.6151
801,525.0,0.0,0.0,189.0,0.0,1125.0,613.0,7,42.42,0.36,525.0,1.8352,2.0794
802,166.8,250.2,0.0,203.5,0.0,975.6,692.6,7,15.75,1.22,417.0,1.4086,2.0794
803,251.8,0.0,99.9,146.1,12.4,1006.0,899.8,56,44.14,0.5802,351.7,1.118,4.0431
804,141.3,212.0,0.0,203.5,0.0,971.8,748.5,28,29.89,1.4401,353.3,1.2983,3.3673
805,172.4,13.6,172.4,156.8,4.1,1006.3,856.4,3,21.29,0.9095,358.4,1.175,1.3863
808,277.2,97.8,24.5,160.7,11.2,1061.7,782.5,100,66.95,0.5797,399.5,1.3568,4.6151
809,212.5,0.0,100.4,159.3,8.7,1007.8,903.6,100,42.92,0.7496,312.9,1.1153,4.6151
812,325.0,0.0,0.0,184.0,0.0,1063.0,783.0,28,30.57,0.5661,325.0,1.3576,3.3673
815,516.0,0.0,0.0,162.0,8.2,801.0,802.0,28,41.37,0.3139,516.0,0.9987,3.3673
816,168.0,42.1,163.8,121.8,5.7,1058.7,780.1,3,7.75,0.725,373.9,1.3571,1.3863
817,374.3,0.0,0.0,190.2,6.7,1013.2,730.4,28,39.06,0.5081,374.3,1.3872,3.3673
818,280.0,129.0,100.0,172.0,9.0,825.0,805.0,28,52.82,0.6143,509.0,1.0248,3.3673
819,446.0,24.0,79.0,162.0,11.6,967.0,712.0,28,44.42,0.3632,549.0,1.3581,3.3673
821,491.0,26.0,123.0,201.0,3.9,822.0,699.0,7,37.92,0.4094,640.0,1.1759,2.0794
822,400.0,0.0,0.0,187.0,0.0,1025.0,745.0,28,43.7,0.4675,400.0,1.3758,3.3673
823,322.2,0.0,115.6,196.0,10.4,817.9,813.4,28,31.18,0.6083,437.8,1.0055,3.3673
824,500.0,0.0,0.0,200.0,0.0,1125.0,613.0,180,51.04,0.4,500.0,1.8352,5.1985
826,133.1,210.2,0.0,195.7,3.1,949.4,795.3,28,28.94,1.4702,343.3,1.1937,3.3673
827,254.0,0.0,0.0,198.0,0.0,968.0,863.0,180,27.63,0.7795,254.0,1.1217,5.1985
828,158.0,0.0,195.0,220.0,11.0,898.0,713.0,28,8.54,1.3923,353.0,1.2594,3.3673
829,144.0,0.0,175.0,158.0,18.0,943.0,844.0,28,15.42,1.0971,319.0,1.1173,3.3673
830,203.5,305.3,0.0,203.5,0.0,963.4,630.0,7,19.54,1.0,508.8,1.5292,2.0794
831,153.0,145.0,113.0,178.0,8.0,1002.0,689.0,28,25.56,1.1633,411.0,1.4543,3.3673
832,193.5,290.2,0.0,185.7,0.0,998.2,704.3,28,32.63,0.9596,483.7,1.4173,3.3673
833,150.9,0.0,183.9,166.6,11.6,991.2,772.2,28,15.57,1.104,334.8,1.2836,3.3673
834,135.7,203.5,0.0,185.7,0.0,1076.2,759.3,28,18.2,1.3684,339.2,1.4173,3.3673
835,525.0,0.0,0.0,189.0,0.0,1125.0,613.0,180,61.92,0.36,525.0,1.8352,5.1985
837,229.7,0.0,118.2,195.2,6.1,1028.1,757.6,56,31.35,0.8498,347.9,1.357,4.0431
838,203.5,305.3,0.0,203.5,0.0,963.4,630.0,28,41.68,1.0,508.8,1.5292,3.3673
839,146.0,173.0,0.0,182.0,3.0,986.0,817.0,28,23.74,1.2465,319.0,1.2068,3.3673
840,389.9,189.0,0.0,145.9,22.0,944.7,755.8,56,79.4,0.3742,578.9,1.2499,4.0431
841,359.0,19.0,141.0,154.0,10.9,942.0,801.0,28,59.49,0.429,519.0,1.176,3.3673
842,237.5,237.5,0.0,228.0,0.0,932.0,594.0,270,38.41,0.96,475.0,1.569,5.6021
844,388.6,97.1,0.0,157.9,12.1,852.1,925.7,91,57.6,0.4063,485.7,0.9205,4.5218
845,122.6,183.9,0.0,203.5,0.0,958.2,800.1,28,24.29,1.6597,306.5,1.1976,3.3673
846,162.0,214.0,164.0,202.0,10.0,820.0,680.0,28,30.65,1.2468,540.0,1.2059,3.3673
848,140.0,133.0,103.0,200.0,7.0,916.0,753.0,28,36.44,1.4285,376.0,1.2165,3.3673
849,136.4,161.6,125.8,171.6,10.4,922.6,764.4,28,29.07,1.258,423.8,1.2069,3.3673
850,349.0,0.0,0.0,192.0,0.0,1056.0,809.0,28,33.61,0.5501,349.0,1.3053,3.3673
851,425.0,106.3,0.0,153.5,16.5,852.1,887.1,7,49.2,0.3612,531.3,0.9605,2.0794
852,210.7,316.1,0.0,185.7,0.0,977.0,689.3,7,21.82,0.8813,526.8,1.4174,2.0794
854,480.0,0.0,0.0,192.0,0.0,936.0,721.0,90,54.28,0.4,480.0,1.2982,4.5109
855,135.7,203.5,0.0,185.7,0.0,1076.2,759.3,7,7.51,1.3684,339.2,1.4173,2.0794
856,288.0,192.0,0.0,192.0,0.0,932.0,717.8,7,23.52,0.6666,480.0,1.2984,2.0794
857,178.0,129.8,118.6,179.9,3.6,1007.3,746.8,100,49.99,1.0106,426.4,1.3488,4.6151
858,239.6,359.4,0.0,185.7,0.0,941.6,664.3,7,25.42,0.775,599.0,1.4174,2.0794
859,132.0,207.0,161.0,179.0,5.0,867.0,736.0,28,33.3,1.356,500.0,1.178,3.3673
860,298.0,0.0,107.0,164.0,13.0,953.0,784.0,28,35.86,0.5503,405.0,1.2155,3.3673
861,212.1,0.0,121.6,180.3,5.7,1057.6,779.3,28,24.9,0.85,333.7,1.3571,3.3673
862,333.0,17.5,163.0,167.0,17.9,996.0,652.0,28,47.28,0.5015,513.5,1.5276,3.3673
863,302.0,0.0,0.0,203.0,0.0,974.0,817.0,180,26.74,0.6722,302.0,1.1922,5.1985
864,145.0,116.0,119.0,184.0,5.7,833.0,880.0,28,29.16,1.2689,380.0,0.9466,3.3673
865,385.0,0.0,0.0,186.0,0.0,966.0,763.0,14,27.92,0.4831,385.0,1.266,2.7081
866,149.0,236.0,0.0,176.0,13.0,847.0,893.0,28,32.96,1.1811,385.0,0.9485,3.3673
867,190.3,0.0,125.2,161.9,9.9,1088.1,802.6,56,38.56,0.8507,315.5,1.3557,4.0431
870,250.0,0.0,0.0,182.0,0.0,1100.0,820.0,28,20.87,0.728,250.0,1.3414,3.3673
871,167.0,187.0,195.0,185.0,7.0,898.0,636.0,28,23.89,1.1077,549.0,1.4119,3.3673
872,277.0,0.0,0.0,191.0,0.0,968.0,856.0,28,25.97,0.6895,277.0,1.1308,3.3673
873,296.0,0.0,0.0,186.0,0.0,1090.0,769.0,7,18.91,0.6284,296.0,1.4174,2.0794
874,333.0,0.0,0.0,192.0,0.0,931.2,842.6,28,31.97,0.5766,333.0,1.1051,3.3673
875,310.0,0.0,0.0,192.0,0.0,1012.0,830.0,120,38.7,0.6193,310.0,1.2193,4.7958
876,158.4,0.0,194.9,219.7,11.0,897.7,712.9,28,8.54,1.3869,353.3,1.2592,3.3673
877,133.0,200.0,0.0,192.0,0.0,927.4,839.2,90,36.59,1.4435,333.0,1.1051,4.5109
878,475.0,118.8,0.0,181.1,8.9,852.1,781.5,7,55.6,0.3813,593.8,1.0903,2.0794
879,393.0,0.0,0.0,192.0,0.0,940.0,758.0,28,39.58,0.4885,393.0,1.2401,3.3673
880,331.0,0.0,0.0,192.0,0.0,1025.0,821.0,7,17.44,0.58,331.0,1.2485,2.0794
881,316.1,210.7,0.0,185.7,0.0,977.0,689.3,28,38.7,0.5875,526.8,1.4174,3.3673
882,165.0,0.0,143.6,163.8,0.0,1005.6,900.9,3,14.4,0.9927,308.6,1.1162,1.3863
883,491.0,26.0,123.0,210.0,3.9,882.0,699.0,7,33.49,0.4277,640.0,1.2618,2.0794
884,380.0,95.0,0.0,228.0,0.0,932.0,594.0,180,40.76,0.6,475.0,1.569,5.1985
885,198.6,132.4,0.0,192.0,0.0,978.4,825.5,180,41.72,0.9667,331.0,1.1852,5.1985
886,295.0,0.0,0.0,185.0,0.0,1069.0,769.0,28,25.18,0.6271,295.0,1.3901,3.3673
887,153.0,239.0,0.0,200.0,6.0,1002.0,684.0,28,26.86,1.3071,392.0,1.4649,3.3673
888,190.7,0.0,125.4,162.1,7.8,1090.0,804.0,14,21.06,0.85,316.1,1.3557,2.7081
889,362.6,189.0,0.0,164.9,11.6,944.7,755.8,28,71.3,0.4548,551.6,1.2499,3.3673
890,342.0,38.0,0.0,228.0,0.0,932.0,670.0,180,52.12,0.6666,380.0,1.391,5.1985
893,387.0,20.0,94.0,157.0,13.9,938.0,845.0,3,25.51,0.4057,501.0,1.11,1.3863
894,382.0,0.0,0.0,186.0,0.0,1047.0,739.0,7,24.0,0.4869,382.0,1.4168,2.0794
895,376.0,0.0,0.0,214.6,0.0,1003.5,762.4,100,43.06,0.5707,376.0,1.3162,4.6151
896,181.4,0.0,167.0,169.6,7.6,1055.6,777.8,100,45.37,0.9349,348.4,1.3571,4.6151
898,236.0,157.0,0.0,192.0,0.0,972.6,749.1,3,13.57,0.8135,393.0,1.2983,1.3863
899,397.0,17.2,158.0,167.0,20.8,967.0,633.0,28,55.65,0.4206,572.2,1.5276,3.3673
900,382.5,0.0,0.0,185.7,0.0,1047.8,739.3,28,37.44,0.4855,382.5,1.4173,3.3673
901,355.0,19.0,97.0,145.0,12.3,967.0,871.0,28,55.45,0.4084,471.0,1.1102,3.3673
902,337.9,189.0,0.0,174.9,9.5,944.7,755.8,28,49.9,0.5176,526.9,1.2499,3.3673
903,310.0,0.0,0.0,192.0,0.0,971.0,850.6,3,9.87,0.6193,310.0,1.1415,1.3863
904,446.0,24.0,79.0,162.0,11.6,967.0,712.0,28,57.03,0.3632,549.0,1.3581,3.3673
907,321.4,0.0,127.9,182.5,11.5,870.1,779.7,28,37.27,0.5678,449.3,1.1159,3.3673
908,284.0,15.0,141.0,179.0,5.5,842.0,801.0,3,13.4,0.6303,440.0,1.0512,1.3863
909,159.0,149.0,116.0,175.0,15.0,953.0,720.0,28,27.68,1.1006,424.0,1.3236,3.3673
910,279.8,128.9,100.4,172.4,9.5,825.1,804.9,28,52.83,0.6161,509.1,1.0251,3.3673
911,266.0,114.0,0.0,228.0,0.0,932.0,670.0,180,48.7,0.8571,380.0,1.391,5.1985
912,310.0,0.0,0.0,192.0,0.0,970.0,850.0,90,34.68,0.6193,310.0,1.1412,4.5109
913,304.0,76.0,0.0,228.0,0.0,932.0,670.0,28,47.81,0.75,380.0,1.391,3.3673
914,286.3,200.9,0.0,144.7,11.2,1004.6,803.7,56,72.99,0.5054,487.2,1.25,4.0431
915,342.0,38.0,0.0,228.0,0.0,932.0,670.0,90,50.46,0.6666,380.0,1.391,4.5109
916,387.0,20.0,94.0,157.0,13.9,938.0,845.0,7,45.9,0.4057,501.0,1.11,2.0794
918,222.4,0.0,96.7,189.3,4.5,967.1,870.3,56,29.45,0.8511,319.1,1.1112,4.0431
919,385.0,0.0,0.0,186.0,0.0,966.0,763.0,1,6.27,0.4831,385.0,1.266,0.6931
921,155.0,0.0,143.0,193.0,9.0,877.0,868.0,28,9.74,1.2451,298.0,1.0104,3.3673
923,237.5,237.5,0.0,228.0,0.0,932.0,594.0,90,33.12,0.96,475.0,1.569,4.5109
924,133.0,210.0,0.0,196.0,3.0,949.0,795.0,28,31.03,1.4736,343.0,1.1937,3.3673
925,275.1,0.0,121.4,159.5,9.9,1053.6,777.5,56,56.85,0.5798,396.5,1.3551,4.0431
926,500.0,0.0,0.0,200.0,0.0,1125.0,613.0,7,33.21,0.4,500.0,1.8352,2.0794
927,166.8,250.2,0.0,203.5,0.0,975.6,692.6,90,43.57,1.22,417.0,1.4086,4.5109
928,310.0,0.0,0.0,192.0,0.0,1012.0,830.0,90,35.76,0.6193,310.0,1.2193,4.5109
929,168.9,42.2,124.3,158.3,10.8,1080.8,796.2,14,23.51,0.9372,335.4,1.3574,2.7081
930,288.0,192.0,0.0,192.0,0.0,932.0,717.8,90,50.53,0.6666,480.0,1.2984,4.5109
933,167.4,129.9,128.6,175.5,7.8,1006.3,746.6,100,53.66,1.0483,425.9,1.3478,4.6151
934,213.5,0.0,174.2,159.2,11.7,1043.6,771.9,56,51.26,0.7456,387.7,1.352,4.0431
935,231.8,0.0,121.6,174.0,6.7,1056.4,778.5,14,26.77,0.7506,353.4,1.357,2.7081
936,525.0,0.0,0.0,189.0,0.0,1125.0,613.0,3,33.8,0.36,525.0,1.8352,1.3863
938,231.8,0.0,121.6,174.0,6.7,1056.4,778.5,3,15.44,0.7506,353.4,1.357,1.3863
939,190.7,0.0,125.4,162.1,7.8,1090.0,804.0,28,26.4,0.85,316.1,1.3557,3.3673
940,337.9,189.0,0.0,174.9,9.5,944.7,755.8,56,59.89,0.5176,526.9,1.2499,4.0431
941,181.9,272.8,0.0,185.7,0.0,1012.4,714.3,28,27.94,1.0208,454.7,1.4173,3.3673
942,331.0,0.0,0.0,192.0,0.0,1025.0,821.0,90,37.91,0.58,331.0,1.2485,4.5109
944,200.0,133.0,0.0,192.0,0.0,965.4,806.2,7,17.17,0.96,333.0,1.1975,2.0794
945,446.0,24.0,79.0,162.0,11.6,967.0,712.0,3,25.02,0.3632,549.0,1.3581,1.3863
946,322.0,0.0,0.0,203.0,0.0,974.0,800.0,14,20.77,0.6304,322.0,1.2175,2.7081
949,295.8,0.0,0.0,185.7,0.0,1091.4,769.3,7,14.84,0.6278,295.8,1.4187,2.0794
950,500.1,0.0,0.0,200.0,3.0,1124.4,613.2,28,44.13,0.3999,500.1,1.8336,3.3673
951,540.0,0.0,0.0,162.0,2.5,1055.0,676.0,28,61.89,0.3,540.0,1.5606,3.3673
952,298.1,0.0,107.5,163.6,12.8,953.2,784.0,28,35.87,0.5488,405.6,1.2158,3.3673
954,397.0,0.0,0.0,185.7,0.0,1040.6,734.3,28,33.08,0.4677,397.0,1.4171,3.3673
955,144.0,15.0,195.0,176.0,6.0,1021.0,709.0,28,15.34,1.2221,354.0,1.44,3.3673
956,425.0,106.3,0.0,153.5,16.5,852.1,887.1,3,33.4,0.3612,531.3,0.9605,1.3863
957,212.1,0.0,121.6,180.3,5.7,1057.6,779.3,14,20.92,0.85,333.7,1.3571,2.7081
958,190.0,190.0,0.0,228.0,0.0,932.0,670.0,365,53.69,1.1999,380.0,1.391,5.9026
959,313.3,145.0,0.0,178.5,8.0,867.2,824.0,28,40.93,0.5697,458.3,1.0524,3.3673
960,281.0,0.0,0.0,186.0,0.0,1104.0,774.0,28,22.44,0.6619,281.0,1.4263,3.3673
961,424.0,22.0,132.0,178.0,8.5,882.0,750.0,3,32.01,0.4198,578.0,1.176,1.3863
962,190.3,0.0,125.2,166.6,9.9,1079.0,798.9,14,19.42,0.8754,315.5,1.3506,2.7081
963,250.0,0.0,95.7,191.8,5.3,948.9,857.2,56,39.64,0.7672,345.7,1.107,4.0431
964,325.6,166.4,0.0,174.0,8.9,881.6,790.0,28,61.24,0.5344,492.0,1.1159,3.3673
965,214.9,53.8,121.9,155.6,9.6,1014.3,780.6,28,52.2,0.724,390.6,1.2994,3.3673
966,362.6,189.0,0.0,164.9,11.6,944.7,755.8,3,35.3,0.4548,551.6,1.2499,1.3863
967,297.2,0.0,117.5,174.8,9.5,1022.8,753.5,3,21.91,0.5881,414.7,1.3574,1.3863
968,284.0,120.0,0.0,168.0,7.0,970.0,794.0,28,40.93,0.5915,404.0,1.2216,3.3673
969,158.8,238.2,0.0,185.7,0.0,1040.6,734.3,28,21.07,1.1693,397.0,1.4171,3.3673
970,213.7,0.0,174.7,154.8,10.2,1053.5,776.4,14,33.73,0.7243,388.4,1.3569,2.7081
972,229.7,0.0,118.2,195.2,6.1,1028.1,757.6,28,24.54,0.8498,347.9,1.357,3.3673
973,190.0,190.0,0.0,228.0,0.0,932.0,670.0,90,42.33,1.1999,380.0,1.391,4.5109
974,251.8,0.0,99.9,146.1,12.4,1006.0,899.8,14,33.36,0.5802,351.7,1.118,2.7081
975,339.0,0.0,0.0,197.0,0.0,968.0,781.0,14,27.04,0.5811,339.0,1.2394,2.7081
976,520.0,0.0,0.0,175.0,5.2,870.0,805.0,28,51.02,0.3365,520.0,1.0807,3.3673
977,231.8,0.0,121.6,174.0,6.7,1056.4,778.5,100,45.84,0.7506,353.4,1.357,4.6151
978,375.0,93.8,0.0,126.6,23.4,852.1,992.6,91,62.5,0.3376,468.8,0.8584,4.5218
979,310.0,143.0,0.0,168.0,10.0,914.0,804.0,28,45.3,0.5419,453.0,1.1368,3.3673
980,427.5,47.5,0.0,228.0,0.0,932.0,594.0,180,41.84,0.5333,475.0,1.569,5.1985
981,250.2,166.8,0.0,203.5,0.0,977.6,694.1,90,47.71,0.8133,417.0,1.4084,4.5109
982,525.0,0.0,0.0,189.0,0.0,1125.0,613.0,28,55.94,0.36,525.0,1.8352,3.3673
983,446.0,24.0,79.0,162.0,10.3,967.0,712.0,56,54.77,0.3632,549.0,1.3581,4.0431
984,264.5,111.0,86.5,195.5,5.9,832.6,790.4,28,41.54,0.7391,462.0,1.0534,3.3673
985,491.0,26.0,123.0,201.0,3.9,822.0,699.0,3,29.55,0.4094,640.0,1.1759,1.3863
986,154.0,144.0,112.0,220.0,10.0,923.0,658.0,28,16.5,1.4285,410.0,1.4027,3.3673
987,229.7,0.0,118.2,195.2,6.1,1028.1,757.6,100,40.86,0.8498,347.9,1.357,4.6151
988,255.5,170.3,0.0,185.7,0.0,1026.6,724.3,28,32.05,0.7268,425.8,1.4173,3.3673
990,382.5,0.0,0.0,185.7,0.0,1047.8,739.3,7,24.07,0.4855,382.5,1.4173,2.0794
991,303.6,139.9,0.0,213.5,6.2,895.5,722.5,28,33.42,0.7032,443.5,1.2394,3.3673
992,305.3,203.5,0.0,203.5,0.0,965.4,631.0,3,14.14,0.6665,508.8,1.5299,1.3863
993,143.0,169.4,142.7,190.7,8.4,967.4,643.5,28,29.73,1.3335,455.1,1.5033,3.3673
994,233.8,0.0,94.6,197.9,4.6,947.0,852.2,3,10.38,0.8464,328.4,1.1112,1.3863
995,296.0,0.0,0.0,192.0,0.0,1085.0,765.0,28,21.65,0.6486,296.0,1.4183,3.3673
997,203.5,305.3,0.0,203.5,0.0,963.4,630.0,3,9.56,1.0,508.8,1.5292,1.3863
999,173.0,116.0,0.0,192.0,0.0,946.8,856.8,28,24.28,1.1098,289.0,1.105,3.3673
1000,424.0,22.0,132.0,178.0,8.5,822.0,750.0,7,39.0,0.4198,578.0,1.096,2.0794
1001,304.0,76.0,0.0,228.0,0.0,932.0,670.0,180,50.95,0.75,380.0,1.391,5.1985
1003,220.8,147.2,0.0,185.7,0.0,1055.0,744.3,28,25.75,0.841,368.0,1.4174,3.3673
1005,500.0,0.0,0.0,200.0,0.0,1125.0,613.0,3,26.06,0.4,500.0,1.8352,1.3863
1006,250.0,0.0,95.7,187.4,5.5,956.9,861.2,56,38.33,0.7496,345.7,1.1111,4.0431
1008,295.7,0.0,95.6,171.5,8.9,955.1,859.2,100,52.04,0.58,391.3,1.1116,4.6151
1009,165.0,128.5,132.1,175.1,8.1,1005.8,746.6,100,55.02,1.0611,425.6,1.3472,4.6151
1010,362.6,189.0,0.0,164.9,11.6,944.7,755.8,56,77.3,0.4548,551.6,1.2499,4.0431
1013,233.8,0.0,94.6,197.9,4.6,947.0,852.2,28,22.84,0.8464,328.4,1.1112,3.3673
1014,520.0,0.0,0.0,170.0,5.2,855.0,855.0,28,60.28,0.3269,520.0,1.0,3.3673
1016,173.8,93.4,159.9,172.3,9.7,1007.2,746.6,3,15.82,0.9913,427.1,1.349,1.3863
1017,387.0,20.0,94.0,157.0,14.3,938.0,845.0,7,36.84,0.4057,501.0,1.11,2.0794
1019,331.0,0.0,0.0,192.0,0.0,978.0,825.0,360,41.24,0.58,331.0,1.1854,5.8889
1020,277.1,0.0,97.4,160.6,11.8,973.9,875.6,100,55.64,0.5796,374.5,1.1123,4.6151
1021,141.3,212.0,0.0,203.5,0.0,971.8,748.5,7,10.39,1.4401,353.3,1.2983,2.0794
1025,286.3,200.9,0.0,144.7,11.2,1004.6,803.7,3,24.4,0.5054,487.2,1.25,1.3863
1028,475.0,118.8,0.0,181.1,8.9,852.1,781.5,28,68.3,0.3813,593.8,1.0903,3.3673
